no-comma-dangle,no-extra-semi,curly,dot-location,eqeqeq,no-floating-decimal,no-multi-str,vars-on-top,no-unused-vars,no-use-before-define,id-length,new-cap,semi,max-depth,max-len,max-params,max-statements,max-statements-per-line,no-bitwise,LOC,NCLOC,Url
1,0,1,0,0,0,0,8,0,0,14,0,0,0,3,0,1,0,0,271,28,http://rosettacode.org//wiki/Knapsack_problem/0-1
1,0,0,0,1,0,0,3,0,5,0,1,0,0,2,0,1,0,0,62,2,http://rosettacode.org//wiki/Text_processing/1
1,0,4,0,0,0,0,4,1,0,4,0,1,0,0,0,0,0,0,8,3,http://rosettacode.org//wiki/100_doors
1,0,0,0,0,0,0,0,0,2,12,0,2,0,0,0,0,0,0,36,5,http://rosettacode.org//wiki/100_doors
1,0,0,0,0,0,0,2,0,0,0,0,0,0,0,0,0,0,1,6,0,http://rosettacode.org//wiki/100_doors
1,0,0,0,0,0,0,1,1,0,0,0,0,0,0,0,0,0,0,3,1,http://rosettacode.org//wiki/100_doors
1,0,0,2,0,0,0,0,0,0,2,0,0,0,0,0,0,0,1,12,0,http://rosettacode.org//wiki/100_doors
1,0,0,0,0,0,0,0,0,4,7,0,0,0,0,0,0,0,0,28,0,http://rosettacode.org//wiki/100_doors
1,0,0,0,0,0,0,0,0,1,5,0,0,0,0,0,0,0,0,14,1,http://rosettacode.org//wiki/100_doors
1,0,0,0,0,0,0,0,0,1,5,0,0,0,0,0,0,0,0,11,1,http://rosettacode.org//wiki/100_doors
0,0,0,0,0,0,0,0,0,0,0,0,0,0,0,0,0,0,0,10,0,http://rosettacode.org//wiki/100_doors
0,0,0,0,0,0,0,0,0,0,0,0,0,0,0,0,0,0,0,12,1,http://rosettacode.org//wiki/100_doors
1,0,3,0,2,0,0,7,0,1,0,1,1,0,1,0,1,0,0,46,2,http://rosettacode.org//wiki/Text_processing/2
1,1,5,5,0,0,0,3,0,0,4,0,0,0,4,0,0,0,0,49,4,http://rosettacode.org//wiki/24_game
1,0,0,0,0,0,0,1,0,0,0,0,0,0,0,0,0,0,0,11,0,http://rosettacode.org//wiki/99_Bottles_of_Beer
0,0,0,0,0,0,0,0,0,0,0,0,0,0,0,0,0,0,0,9,0,http://rosettacode.org//wiki/99_Bottles_of_Beer
1,0,0,0,0,0,0,0,0,0,1,0,0,0,1,0,0,0,0,10,0,http://rosettacode.org//wiki/99_Bottles_of_Beer
1,0,1,0,3,0,0,0,0,0,0,0,0,0,1,0,0,0,0,3,1,http://rosettacode.org//wiki/99_Bottles_of_Beer
1,0,0,0,0,0,0,1,0,0,0,0,0,0,0,0,0,0,0,20,0,http://rosettacode.org//wiki/99_Bottles_of_Beer
1,0,1,0,1,0,0,1,0,0,6,0,1,0,1,0,0,0,0,16,0,http://rosettacode.org//wiki/99_Bottles_of_Beer
1,0,0,0,0,0,0,0,0,0,0,0,0,0,0,0,0,0,0,7,0,http://rosettacode.org//wiki/99_Bottles_of_Beer
1,0,0,0,0,0,0,0,0,0,11,0,1,0,2,0,0,0,0,54,20,http://rosettacode.org//wiki/9_billion_names_of_God_the_integer
1,0,0,0,0,0,0,0,0,0,0,0,4,0,0,0,0,0,0,10,0,http://rosettacode.org/wiki/A%2BB
0,0,0,0,0,0,0,0,0,0,0,0,0,0,0,0,0,0,0,5,0,http://rosettacode.org/wiki/A%2BB
1,1,3,0,0,0,0,6,0,0,2,1,0,0,1,0,0,0,0,34,10,http://rosettacode.org//wiki/ABC_Problem
1,0,1,0,0,0,0,1,1,2,7,0,1,0,0,0,0,0,0,38,3,http://rosettacode.org//wiki/ABC_Problem
0,0,0,0,0,0,0,0,0,0,0,0,0,0,0,0,0,0,0,7,0,http://rosettacode.org//wiki/ABC_Problem
0,0,0,0,0,0,0,0,0,0,0,0,0,0,0,0,0,0,0,28,0,http://rosettacode.org//wiki/ABC_Problem
1,0,0,0,0,0,0,0,0,0,12,0,0,0,2,0,0,0,0,68,0,http://rosettacode.org//wiki/AKS_test_for_primes
0,0,0,0,0,0,0,0,0,0,0,0,0,0,0,0,0,0,0,31,0,http://rosettacode.org//wiki/AKS_test_for_primes
1,0,6,0,3,0,0,4,0,0,10,0,8,0,2,0,0,0,0,25,0,http://rosettacode.org//wiki/AKS_test_for_primes
1,0,2,0,2,0,0,2,0,0,3,0,3,0,1,0,0,0,0,6,0,http://rosettacode.org//wiki/Abundant_deficient_and_perfect_number_classifications
1,0,3,0,3,0,0,2,0,0,3,0,4,0,1,0,0,0,0,7,0,http://rosettacode.org//wiki/Abundant_deficient_and_perfect_number_classifications
1,0,11,0,3,0,0,12,0,1,18,0,24,0,2,0,0,0,0,54,0,http://rosettacode.org//wiki/Abundant_deficient_and_perfect_number_classifications
1,0,0,0,0,0,0,1,0,0,2,0,1,0,0,0,0,0,0,9,0,http://rosettacode.org//wiki/Accumulator_factory
0,0,0,0,0,0,0,0,0,0,0,0,0,0,0,0,0,0,0,5,0,http://rosettacode.org//wiki/Accumulator_factory
0,0,0,0,0,0,0,0,0,0,0,0,0,0,0,0,0,0,0,6,0,http://rosettacode.org//wiki/Accumulator_factory
1,0,0,0,0,0,0,0,1,0,2,0,0,0,0,0,0,0,0,3,0,http://rosettacode.org//wiki/Ackermann_function
1,0,0,0,0,0,0,1,1,0,0,0,4,0,0,0,0,0,0,29,0,http://rosettacode.org//wiki/Active_object
1,0,0,0,0,0,0,0,0,0,1,0,3,0,0,0,0,0,0,3,2,http://rosettacode.org//wiki/Add_a_variable_to_a_class_instance_at_runtime
1,0,5,0,2,0,0,0,0,0,3,0,4,0,0,0,0,0,0,40,0,http://rosettacode.org//wiki/Align_columns
1,0,0,0,0,0,0,1,2,0,0,0,1,0,2,0,0,0,2,56,5,http://rosettacode.org//wiki/Align_columns
1,0,2,8,0,0,1,2,0,3,16,0,4,0,1,0,1,0,2,111,12,http://rosettacode.org//wiki/Align_columns
1,0,3,0,6,0,0,6,0,1,2,0,0,0,0,0,1,0,0,51,1,http://rosettacode.org//wiki/Amb
1,0,2,0,0,0,0,2,0,1,15,0,1,0,0,1,0,0,1,54,6,http://rosettacode.org//wiki/Amicable_pairs
1,0,0,0,0,0,0,0,0,0,0,0,1,0,0,0,0,0,0,10,0,http://rosettacode.org//wiki/Amicable_pairs
1,0,0,0,0,0,0,2,0,0,1,0,0,0,2,0,0,0,0,20,4,http://rosettacode.org//wiki/Anagrams
1,0,0,0,0,0,0,0,0,0,0,0,0,0,0,0,0,0,0,25,3,http://rosettacode.org//wiki/Anagrams
1,0,0,0,0,0,0,4,3,0,1,1,0,0,2,1,1,0,0,41,0,http://rosettacode.org//wiki/Animate_a_pendulum
1,0,4,0,1,0,0,8,3,2,1,0,0,0,0,0,0,0,0,50,5,http://rosettacode.org//wiki/Animate_a_pendulum
1,0,2,0,0,0,0,0,1,0,0,0,0,0,0,0,0,0,0,16,1,http://rosettacode.org//wiki/Animation
0,0,0,0,0,0,0,0,0,0,0,0,0,0,0,0,0,0,0,29,2,http://rosettacode.org//wiki/Animation
1,0,0,0,0,0,0,0,1,0,2,0,0,0,0,0,0,0,0,8,0,http://rosettacode.org//wiki/Anonymous_recursion
1,0,0,0,0,0,0,0,1,0,2,0,0,0,0,0,0,0,0,8,0,http://rosettacode.org//wiki/Anonymous_recursion
1,0,0,0,0,0,0,1,0,0,3,0,0,0,0,0,0,0,0,10,0,http://rosettacode.org//wiki/Apply_a_callback_to_an_array
1,0,0,0,0,0,0,0,0,0,1,0,0,0,0,0,0,0,0,3,0,http://rosettacode.org//wiki/Apply_a_callback_to_an_array
0,0,0,0,0,0,0,0,0,0,0,0,0,0,0,0,0,0,0,1,0,http://rosettacode.org//wiki/Apply_a_callback_to_an_array
1,0,0,0,0,0,0,0,0,0,2,0,1,0,0,0,0,0,0,4,0,http://rosettacode.org//wiki/Apply_a_callback_to_an_array
0,0,0,0,0,0,0,0,0,0,0,0,0,0,0,0,0,0,0,2,0,http://rosettacode.org//wiki/Apply_a_callback_to_an_array
1,0,0,0,0,0,0,0,0,0,0,0,1,0,0,0,0,0,0,9,0,http://rosettacode.org//wiki/Arithmetic-geometric_mean
1,0,0,0,1,0,0,7,1,6,11,0,0,0,2,0,1,0,0,50,0,http://rosettacode.org//wiki/Arithmetic_evaluation
1,0,0,0,0,0,0,0,0,0,1,0,0,0,0,0,0,0,0,10,2,http://rosettacode.org//wiki/Averages/Arithmetic_mean
1,0,0,0,0,0,0,0,0,0,0,0,0,0,0,0,0,0,0,8,1,http://rosettacode.org//wiki/Averages/Arithmetic_mean
1,0,0,0,0,0,0,0,0,0,1,0,0,0,0,0,0,0,0,8,2,http://rosettacode.org//wiki/Averages/Arithmetic_mean
1,0,0,0,0,0,0,0,0,0,1,0,1,0,0,0,0,0,0,8,2,http://rosettacode.org//wiki/Averages/Arithmetic_mean
1,0,0,0,0,0,0,0,1,0,1,0,0,0,0,0,0,0,0,3,0,http://rosettacode.org//wiki/Averages/Arithmetic_mean
1,0,0,0,0,0,0,0,1,0,3,0,0,0,0,0,0,0,0,3,1,http://rosettacode.org//wiki/Array_concatenation
1,0,0,0,0,0,0,0,0,0,0,0,0,0,0,0,0,0,0,14,1,http://rosettacode.org//wiki/Array_concatenation
1,0,0,0,0,0,0,0,0,0,0,0,0,0,0,0,0,0,0,1,0,http://rosettacode.org//wiki/Array_length
1,0,0,0,0,0,0,0,1,0,0,0,0,0,0,0,0,0,0,3,0,http://rosettacode.org//wiki/Array_length
1,0,0,0,0,0,0,0,1,0,2,0,0,0,0,0,0,0,0,5,0,http://rosettacode.org//wiki/Array_length
1,0,0,0,0,0,0,0,1,0,0,0,0,0,0,0,0,0,0,3,0,http://rosettacode.org//wiki/Array_length
1,0,0,0,0,0,0,0,1,0,0,0,0,0,0,0,0,0,0,3,0,http://rosettacode.org//wiki/Array_length
1,0,0,0,0,0,0,0,0,0,1,0,0,0,0,0,0,0,0,3,1,http://rosettacode.org//wiki/Array_map
1,0,0,0,0,0,0,0,1,0,0,0,0,0,0,0,0,0,0,3,1,http://rosettacode.org//wiki/Array_map
1,0,0,0,0,0,0,0,0,0,0,0,1,0,0,0,0,0,0,31,0,http://rosettacode.org//wiki/Array_search
1,0,0,0,1,0,0,0,0,0,0,0,1,0,2,0,0,0,0,11,2,http://rosettacode.org//wiki/Array_search
1,0,0,0,0,0,0,0,0,0,0,0,1,0,0,0,0,0,0,6,0,http://rosettacode.org//wiki/Array_search
0,0,0,0,0,0,0,0,0,0,0,0,0,0,0,0,0,0,0,68,0,http://rosettacode.org//wiki/Array_search
1,0,0,0,0,0,0,0,0,0,0,0,1,0,0,0,0,0,0,11,1,http://rosettacode.org//wiki/Array_search
1,0,0,0,0,0,0,2,4,0,2,0,0,0,1,0,0,0,0,15,9,http://rosettacode.org//wiki/Arrays
0,0,0,0,0,0,0,0,0,0,0,0,0,0,0,0,0,0,0,6,0,http://rosettacode.org//wiki/AudioAlarm
0,0,0,0,0,0,0,0,0,0,0,0,0,0,0,0,0,0,0,6,0,http://rosettacode.org//wiki/Audio_Overlap_Loop
1,0,1,0,1,0,0,2,0,0,8,0,10,0,0,0,0,0,2,22,0,http://rosettacode.org//wiki/Balanced_brackets
1,0,0,0,0,4,0,1,1,0,6,0,1,0,0,0,1,0,0,42,7,http://rosettacode.org//wiki/Barnsley_fern
1,0,1,0,2,0,0,5,0,0,14,0,2,0,15,0,1,0,6,77,19,http://rosettacode.org//wiki/Base64_encode_data
1,0,0,0,0,0,0,0,0,0,0,0,0,0,1,0,0,0,0,1,1,http://rosettacode.org//wiki/Base64_encode_data
1,0,0,0,0,0,0,0,2,0,0,0,1,0,1,0,0,0,0,14,1,http://rosettacode.org//wiki/Base64_encode_data
1,0,10,0,2,0,0,19,1,0,16,0,0,0,1,0,1,0,0,49,1,http://rosettacode.org//wiki/Best_shuffle
1,0,0,0,0,0,0,2,0,0,1,0,0,0,1,0,0,0,0,7,1,http://rosettacode.org//wiki/Binary_digits
1,0,0,0,0,0,0,0,0,0,1,0,1,0,0,0,0,0,0,5,0,http://rosettacode.org//wiki/Binary_digits
1,0,0,0,0,0,0,1,1,0,1,0,0,0,0,1,0,0,0,13,0,http://rosettacode.org//wiki/Binary_search
1,0,0,0,0,0,0,0,1,0,2,0,0,0,0,0,0,0,0,15,0,http://rosettacode.org//wiki/Binary_search
1,0,0,0,4,0,0,0,0,0,0,0,2,0,8,0,0,0,0,45,39,http://rosettacode.org//wiki/Binary_strings
1,0,0,0,0,0,0,1,0,0,0,0,0,0,0,0,0,0,0,24,9,http://rosettacode.org//wiki/Bitmap
1,0,0,0,0,0,0,0,1,0,2,0,0,0,0,0,0,0,7,9,3,http://rosettacode.org//wiki/Bitwise_operations
1,0,1,0,1,0,0,2,0,0,7,0,2,0,1,0,0,0,0,20,0,http://rosettacode.org//wiki/Sorting_algorithms/Bogosort
1,0,1,0,1,0,0,19,0,0,16,0,1,0,4,0,1,0,0,166,16,http://rosettacode.org//wiki/Knapsack_problem/Bounded
1,0,0,0,0,0,0,1,0,0,5,0,0,0,2,0,1,0,0,39,0,http://rosettacode.org//wiki/Box_the_compass
1,0,3,0,0,0,0,4,0,6,22,0,2,0,1,1,1,0,0,133,20,http://rosettacode.org//wiki/Brace_expansion
0,0,0,0,0,0,0,0,0,0,0,0,0,0,0,0,0,0,0,31,0,http://rosettacode.org//wiki/Brace_expansion
1,0,1,0,1,0,0,1,0,0,1,0,0,0,0,0,0,0,0,8,0,http://rosettacode.org//wiki/Loops/Break
1,0,1,0,0,0,0,0,0,0,0,0,0,0,0,0,0,0,0,9,0,http://rosettacode.org//wiki/Loops/Break
1,0,1,0,0,0,0,0,0,0,0,0,0,0,0,0,0,0,0,12,0,http://rosettacode.org//wiki/Loops/Break
1,0,1,0,0,0,0,1,1,0,0,0,0,0,0,1,1,0,0,20,0,http://rosettacode.org/wiki/Bitmap/Bresenham%27s_line_algorithm
1,0,3,0,3,0,0,10,1,0,14,0,0,0,6,0,2,0,0,142,30,http://rosettacode.org//wiki/Brownian_tree
0,0,0,0,0,0,0,0,0,0,0,0,0,0,0,0,0,0,0,13,0,http://rosettacode.org//wiki/Sorting_algorithms/Bubble_sort
1,0,0,0,0,0,0,2,0,0,1,0,1,0,0,0,0,0,0,15,0,http://rosettacode.org//wiki/Sorting_algorithms/Bubble_sort
1,0,0,0,0,0,0,0,0,0,0,0,0,0,0,0,0,0,0,3,0,http://rosettacode.org//wiki/Sorting_algorithms/Bubble_sort
1,0,3,0,5,0,0,7,0,8,4,0,1,0,0,0,2,0,0,92,1,http://rosettacode.org//wiki/Bulls_and_cows
1,0,0,6,0,0,0,0,0,0,0,0,1,0,1,0,0,0,0,20,0,http://rosettacode.org//wiki/CSV_to_HTML_translation
1,0,0,0,0,0,0,2,0,0,2,0,0,0,1,0,0,0,0,10,1,http://rosettacode.org//wiki/Caesar_cipher
0,0,0,0,0,0,0,0,0,0,0,0,0,0,0,0,0,0,0,5,0,http://rosettacode.org//wiki/Caesar_cipher
0,0,0,0,0,0,0,0,0,0,0,0,0,0,0,0,0,0,0,12,1,http://rosettacode.org//wiki/Caesar_cipher
1,0,0,0,0,0,0,0,0,0,0,0,3,0,0,0,0,0,0,5,2,http://rosettacode.org//wiki/Call_a_function
1,0,0,0,0,0,0,0,1,0,1,0,1,0,0,0,0,0,0,3,1,http://rosettacode.org//wiki/Call_a_function
1,0,0,0,0,0,0,0,0,0,2,0,3,0,0,0,0,0,0,7,1,http://rosettacode.org//wiki/Call_a_function
1,0,0,0,0,0,0,0,0,0,0,0,4,0,0,0,0,0,0,4,0,http://rosettacode.org//wiki/Call_a_function
1,0,0,0,0,0,0,0,0,0,0,0,1,0,0,0,0,0,0,6,1,http://rosettacode.org//wiki/Call_a_function
1,0,0,0,0,0,0,0,0,0,0,0,1,0,0,0,0,0,0,1,0,http://rosettacode.org//wiki/Call_an_object_method
1,0,0,0,0,0,0,0,0,0,0,0,0,0,1,0,0,0,0,4,0,http://rosettacode.org//wiki/Case-sensitivity_of_identifiers
1,0,7,0,3,0,0,6,0,7,12,0,20,0,3,1,1,0,0,41,0,http://rosettacode.org//wiki/Casting_out_nines
1,0,4,0,2,1,0,4,0,0,9,0,0,0,0,0,0,0,0,33,0,http://rosettacode.org//wiki/Catalan_numbers
1,0,0,0,0,0,0,3,0,0,4,0,0,0,0,0,0,0,0,13,0,http://rosettacode.org//wiki/Catamorphism
1,0,0,0,0,0,0,0,0,0,4,0,0,0,0,0,0,0,0,17,3,http://rosettacode.org//wiki/Catamorphism
0,0,0,0,0,0,0,0,0,0,0,0,0,0,0,0,0,0,0,4,3,http://rosettacode.org//wiki/Catamorphism
0,0,0,0,0,0,0,0,0,0,0,0,0,0,0,0,0,0,0,38,1,http://rosettacode.org//wiki/Exceptions/Catch_an_exception_thrown_in_a_nested_call
1,0,0,0,0,0,0,0,0,0,0,0,0,0,0,0,0,0,0,2,2,http://rosettacode.org//wiki/Character_codes
1,0,0,0,0,0,0,0,0,0,0,0,1,0,0,0,0,0,0,1,0,http://rosettacode.org//wiki/Character_codes
1,0,0,0,0,0,0,0,0,0,0,0,1,0,0,0,0,0,0,1,0,http://rosettacode.org//wiki/Character_codes
1,0,0,0,0,0,0,0,0,0,1,0,1,0,0,0,0,0,0,3,0,http://rosettacode.org//wiki/Character_codes
1,0,0,0,0,0,0,0,0,0,0,0,1,0,0,0,0,0,0,1,0,http://rosettacode.org//wiki/Character_codes
1,2,0,0,4,0,0,3,0,2,1,0,1,0,1,0,0,0,0,129,19,http://rosettacode.org//wiki/Chat_server
1,0,0,0,0,0,0,0,0,0,0,4,0,0,0,0,0,0,0,5,0,http://rosettacode.org//wiki/Check_that_file_exists
1,0,0,0,0,0,0,2,0,0,1,0,1,0,2,0,0,0,0,23,7,http://rosettacode.org//wiki/Classes
0,0,0,0,0,0,0,0,0,0,0,0,0,0,0,0,0,0,0,66,35,http://rosettacode.org//wiki/Classes
0,0,0,0,0,0,0,0,0,0,0,0,0,0,0,0,0,0,0,36,10,http://rosettacode.org//wiki/Classes
1,0,0,0,0,0,0,4,1,0,4,0,0,0,0,0,0,0,0,26,0,http://rosettacode.org//wiki/Closest-pair_problem
1,0,5,0,0,0,0,20,0,0,30,0,4,0,5,0,2,0,0,120,6,http://rosettacode.org//wiki/Closest-pair_problem
0,0,0,0,0,0,0,0,0,0,0,0,0,0,0,0,0,0,0,27,1,http://rosettacode.org//wiki/Sorting_algorithms/Cocktail_sort
1,0,0,0,0,0,0,0,0,0,0,0,0,0,0,0,0,0,0,5,0,http://rosettacode.org//wiki/Collections
1,0,0,0,0,0,0,0,0,0,0,0,0,0,0,0,0,0,0,5,3,http://rosettacode.org//wiki/Collections
0,0,0,0,0,0,0,0,0,0,0,0,0,0,0,0,0,0,0,41,9,http://rosettacode.org//wiki/Sorting_algorithms/Comb_sort
1,0,5,0,1,0,0,3,0,0,9,0,2,0,0,0,0,0,4,20,0,http://rosettacode.org//wiki/Combinations
1,0,0,0,0,0,0,0,0,0,2,0,0,0,2,0,0,0,0,24,2,http://rosettacode.org//wiki/Combinations
1,0,2,1,0,0,0,1,0,0,8,0,0,0,0,0,0,0,0,23,1,http://rosettacode.org//wiki/Combinations
1,0,3,1,0,0,0,2,1,0,10,0,1,0,0,0,0,0,0,38,3,http://rosettacode.org//wiki/Combinations
0,0,0,0,0,0,0,0,0,0,0,0,0,0,0,0,0,0,0,10,0,http://rosettacode.org//wiki/Combinations
1,0,1,0,1,0,0,1,0,0,4,0,0,0,1,1,0,0,0,20,0,http://rosettacode.org//wiki/Combinations_with_repetitions
1,1,1,0,0,0,0,0,1,0,7,0,1,0,0,0,0,0,0,37,6,http://rosettacode.org//wiki/Combinations_with_repetitions
1,0,0,0,0,0,0,0,0,0,0,0,1,0,0,0,0,0,0,11,0,http://rosettacode.org//wiki/Combinations_with_repetitions
1,0,0,0,0,0,0,0,0,0,1,0,0,0,0,0,0,0,0,17,0,http://rosettacode.org//wiki/Comma_quibbling
1,0,1,0,0,0,0,1,0,0,1,2,0,0,0,0,0,0,0,3,0,http://rosettacode.org//wiki/Command-line_arguments
0,0,0,0,0,0,0,0,0,0,0,0,0,0,0,0,0,0,0,4,0,http://rosettacode.org//wiki/Command-line_arguments
1,0,1,0,0,0,0,1,0,0,1,0,0,0,0,0,0,0,0,2,0,http://rosettacode.org//wiki/Command-line_arguments
1,0,0,0,0,0,0,0,0,0,0,0,0,0,0,0,0,0,0,1,1,http://rosettacode.org//wiki/Comments
1,0,0,0,0,0,0,0,0,0,0,0,0,0,0,0,0,0,0,1,1,http://rosettacode.org//wiki/Comments
1,0,0,0,0,0,0,0,0,0,0,0,0,0,0,0,0,0,0,6,6,http://rosettacode.org//wiki/Comments
1,0,0,0,0,0,0,1,0,0,6,0,0,0,0,0,0,0,0,29,8,http://rosettacode.org//wiki/Compare_a_list_of_strings
1,0,0,0,0,0,0,2,0,0,27,0,8,0,0,0,0,0,0,42,1,http://rosettacode.org//wiki/Arithmetic/Complex
0,0,0,0,0,0,0,0,0,0,0,0,0,0,0,0,0,0,0,19,3,http://rosettacode.org//wiki/Compound_data_type
1,0,0,0,0,0,0,0,0,0,0,0,0,0,0,0,0,0,0,4,0,http://rosettacode.org//wiki/Concurrent_computing
1,0,0,0,0,0,0,1,0,0,1,0,0,0,0,0,0,0,0,9,0,http://rosettacode.org//wiki/Concurrent_computing
1,0,0,0,2,0,0,0,0,0,0,0,0,0,0,0,0,0,0,7,0,http://rosettacode.org//wiki/Conditional_structures
1,0,0,0,0,0,0,0,0,0,0,0,0,0,0,0,0,0,0,15,0,http://rosettacode.org//wiki/Conditional_structures
1,0,0,0,0,0,0,0,1,0,0,0,0,0,0,0,0,0,0,1,0,http://rosettacode.org//wiki/Conditional_structures
1,0,0,0,0,0,0,0,1,0,0,0,0,0,0,0,0,0,0,9,0,http://rosettacode.org//wiki/Conditional_structures
1,0,1,0,0,0,0,5,0,0,6,0,0,0,0,0,0,0,0,35,3,http://rosettacode.org//wiki/Constrained_random_points_on_a_circle
1,0,0,0,1,0,0,1,0,0,1,0,0,0,0,0,0,0,0,10,0,http://rosettacode.org//wiki/Loops/Continue
1,0,0,0,0,0,0,0,0,0,3,0,0,0,0,0,0,0,0,10,0,http://rosettacode.org//wiki/Loops/Continue
1,0,0,0,0,0,0,0,0,0,0,0,2,0,0,0,0,0,0,2,0,http://rosettacode.org//wiki/Loops/Continue
1,0,0,0,0,0,0,0,0,0,0,0,4,0,0,0,0,0,0,5,4,http://rosettacode.org//wiki/Non-decimal_radices/Convert
1,0,4,0,1,0,0,1,0,0,3,0,0,0,6,0,0,0,0,19,2,http://rosettacode.org//wiki/Non-decimal_radices/Convert
1,0,3,0,2,0,0,1,1,0,3,0,0,0,8,0,1,0,0,30,5,http://rosettacode.org//wiki/Non-decimal_radices/Convert
1,0,2,0,2,0,0,14,0,0,11,0,5,1,1,0,1,1,0,90,0,http://rosettacode.org/wiki/Conway%27s_Game_of_Life
1,0,4,0,2,0,0,16,2,3,17,0,9,1,3,1,2,1,0,123,6,http://rosettacode.org/wiki/Conway%27s_Game_of_Life
0,0,0,0,0,0,0,0,0,0,0,0,0,0,0,0,0,0,0,37,8,http://rosettacode.org/wiki/Conway%27s_Game_of_Life
1,0,0,0,0,0,0,0,0,0,0,0,0,0,1,0,0,0,0,5,2,http://rosettacode.org//wiki/Copy_a_string
1,0,0,0,0,0,0,0,1,0,2,0,1,0,0,0,0,0,0,3,2,http://rosettacode.org//wiki/Copy_a_string
1,0,3,0,2,0,0,0,0,1,1,0,0,0,0,0,0,0,0,14,0,http://rosettacode.org//wiki/Count_in_factors
1,0,0,0,0,0,0,1,0,0,1,0,0,0,1,0,0,0,0,3,2,http://rosettacode.org//wiki/Count_in_octal
1,0,0,0,0,0,0,0,1,0,0,0,0,0,0,0,0,0,0,4,0,http://rosettacode.org//wiki/Count_occurrences_of_a_substring
1,0,0,0,0,0,0,2,1,0,4,0,0,0,0,0,0,0,0,15,2,http://rosettacode.org//wiki/Count_the_coins
1,0,0,0,0,0,0,0,0,0,0,0,1,0,0,0,0,0,0,2,0,http://rosettacode.org//wiki/Count_the_coins
1,0,0,0,0,0,0,1,1,0,5,0,0,0,0,0,0,0,0,22,2,http://rosettacode.org//wiki/Count_the_coins
1,0,0,0,0,0,0,0,0,0,0,0,1,0,0,0,0,0,0,2,0,http://rosettacode.org//wiki/Count_the_coins
1,0,3,0,0,0,0,2,0,4,4,0,4,0,1,0,0,0,0,8,1,http://rosettacode.org//wiki/Count_the_coins
1,0,0,0,0,0,0,0,1,0,2,0,1,0,0,0,0,0,0,15,0,http://rosettacode.org//wiki/Sorting_algorithms/Counting_sort
1,0,0,0,0,0,0,0,0,0,1,0,0,0,0,0,0,0,0,9,1,http://rosettacode.org//wiki/Sorting_algorithms/Counting_sort
1,0,0,0,0,0,0,1,0,0,1,0,0,0,0,0,0,0,0,13,4,http://rosettacode.org//wiki/Create_a_two-dimensional_array_at_runtime
0,0,0,0,0,0,0,0,0,0,0,0,0,0,0,0,0,0,0,35,1,http://rosettacode.org//wiki/Create_an_HTML_table
1,0,0,0,0,0,0,2,0,0,9,0,0,0,0,0,0,0,0,60,4,http://rosettacode.org//wiki/Create_an_HTML_table
1,0,0,0,0,0,0,2,0,0,0,0,0,0,0,0,0,0,0,18,5,http://rosettacode.org//wiki/Associative_array/Creation
0,0,0,0,0,0,0,0,0,0,0,0,0,0,0,0,0,0,0,18,8,http://rosettacode.org//wiki/Associative_array/Creation
1,0,2,0,1,0,0,9,1,2,7,0,0,0,0,2,1,0,0,50,3,http://rosettacode.org//wiki/Bitmap/B%C3%A9zier_curves/Cubic
1,0,0,0,0,0,0,0,0,0,2,0,0,0,0,0,0,0,0,9,0,http://rosettacode.org//wiki/Currying
0,0,0,0,0,0,0,0,0,0,0,0,0,0,0,0,0,0,0,1,0,http://rosettacode.org//wiki/Currying
0,0,0,0,0,0,0,0,0,0,0,0,0,0,0,0,0,0,0,1,0,http://rosettacode.org//wiki/Currying
0,0,0,0,0,0,0,0,0,0,0,0,0,0,0,0,0,0,0,23,2,http://rosettacode.org//wiki/Currying
1,0,0,0,0,0,0,1,1,0,0,0,0,0,0,0,0,0,0,6,0,http://rosettacode.org//wiki/XML/DOM_serialization
0,0,0,0,0,0,0,0,0,0,0,0,0,0,0,0,0,0,0,5,0,http://rosettacode.org//wiki/XML/DOM_serialization
0,0,0,0,0,0,0,0,0,0,0,0,0,0,0,0,0,0,0,8,0,http://rosettacode.org//wiki/XML/DOM_serialization
1,0,0,0,0,0,0,0,0,0,0,0,0,0,3,0,0,0,0,7,0,http://rosettacode.org//wiki/Date_format
1,0,0,0,0,0,0,2,0,0,0,0,1,0,1,0,1,0,0,38,7,http://rosettacode.org//wiki/Date_manipulation
1,0,1,0,0,0,0,2,0,0,0,0,2,0,0,0,0,0,0,5,0,http://rosettacode.org//wiki/Day_of_the_week
1,0,0,3,0,0,0,0,0,0,4,0,0,0,0,0,0,0,0,17,2,http://rosettacode.org//wiki/Day_of_the_week
1,0,0,0,0,0,0,7,1,0,4,1,3,0,1,0,1,0,3,79,19,http://rosettacode.org//wiki/Deal_cards_for_FreeCell
1,0,0,0,0,0,0,2,0,0,1,0,0,0,0,0,0,0,0,28,6,http://rosettacode.org//wiki/Death_Star
0,0,0,0,0,0,0,0,0,0,0,0,0,0,0,0,0,0,0,55,6,http://rosettacode.org//wiki/Decision_tables
1,0,0,0,0,0,0,7,0,0,2,0,12,0,0,0,0,0,0,36,0,http://rosettacode.org//wiki/Roman_numerals/Decode
1,0,0,0,0,0,0,0,0,3,3,0,2,0,0,0,0,0,0,57,6,http://rosettacode.org//wiki/Roman_numerals/Decode
1,0,0,0,0,0,0,0,0,0,0,0,1,0,0,0,0,0,0,1,0,http://rosettacode.org//wiki/Roman_numerals/Decode
1,0,0,0,0,0,0,1,0,2,9,0,0,0,0,0,0,0,0,27,0,http://rosettacode.org//wiki/Roman_numerals/Decode
1,0,0,0,0,0,0,0,0,0,0,0,1,0,0,0,0,0,0,1,0,http://rosettacode.org//wiki/Roman_numerals/Decode
1,0,0,0,0,0,0,1,2,1,1,0,0,0,0,0,0,0,0,10,0,http://rosettacode.org//wiki/Deepcopy
1,0,0,0,0,0,0,1,1,0,1,0,0,0,0,0,0,0,0,11,0,http://rosettacode.org//wiki/Deepcopy
1,0,2,0,0,0,0,3,2,0,5,6,2,0,0,0,0,0,0,24,8,http://rosettacode.org//wiki/Define_a_primitive_data_type
1,0,0,0,0,0,0,1,0,0,1,0,0,0,0,0,0,0,0,5,3,http://rosettacode.org//wiki/Queue/Definition
1,0,0,0,1,0,0,0,1,0,0,0,6,0,0,0,0,0,0,14,0,http://rosettacode.org//wiki/Queue/Definition
1,0,1,0,1,0,0,0,1,0,3,0,2,0,0,0,0,0,0,23,0,http://rosettacode.org//wiki/Delegates
1,0,0,0,0,0,0,0,0,0,0,4,0,0,0,0,0,0,0,5,0,http://rosettacode.org//wiki/Delete_a_file
1,0,0,0,0,0,0,0,0,0,1,8,0,0,0,0,0,0,0,10,0,http://rosettacode.org//wiki/Delete_a_file
0,0,0,0,0,0,0,0,0,0,0,0,0,0,0,0,0,0,0,2,0,http://rosettacode.org//wiki/Delete_a_file
0,0,0,0,0,0,0,0,0,0,0,0,0,0,0,0,0,0,0,4,0,http://rosettacode.org//wiki/Delete_a_file
1,0,0,0,1,0,0,10,0,3,6,0,0,0,0,0,1,0,0,68,0,http://rosettacode.org//wiki/Anagrams/Deranged_anagrams
1,0,8,0,2,0,0,12,0,0,10,0,0,1,0,0,0,0,0,35,2,http://rosettacode.org//wiki/Anagrams/Deranged_anagrams
1,0,1,0,0,0,0,0,0,0,0,0,0,0,2,0,0,0,0,6,2,http://rosettacode.org//wiki/Detect_division_by_zero
1,0,0,0,0,0,0,1,0,0,1,0,0,0,1,0,0,0,0,9,4,http://rosettacode.org//wiki/Determine_if_a_string_is_numeric
1,0,1,0,0,0,0,2,1,0,2,0,0,0,0,0,0,0,1,17,2,http://rosettacode.org//wiki/Digital_root
1,0,6,0,4,0,0,4,0,0,4,0,0,0,0,1,1,0,1,65,5,http://rosettacode.org//wiki/Discordian_date
1,0,0,0,0,0,0,0,0,0,0,0,1,0,0,0,0,0,0,2,0,http://rosettacode.org//wiki/Discordian_date
1,0,0,0,0,0,0,7,0,0,3,0,0,0,1,0,0,0,0,25,4,http://rosettacode.org//wiki/Greyscale_bars/Display
1,0,0,0,0,0,0,0,0,0,1,0,5,0,0,0,0,0,0,6,1,http://rosettacode.org//wiki/Distributed_programming
1,0,0,0,0,0,0,0,0,0,0,0,7,0,0,0,0,0,0,9,0,http://rosettacode.org//wiki/Distributed_programming
1,0,0,0,0,0,0,0,0,0,0,0,0,0,0,0,0,0,0,4,0,http://rosettacode.org//wiki/Loops/Do-while
1,0,0,0,0,0,0,0,0,0,3,0,0,0,0,0,0,0,0,17,4,http://rosettacode.org//wiki/Loops/Do-while
1,0,0,0,0,0,0,0,0,0,0,0,6,0,0,0,0,0,0,6,0,http://rosettacode.org//wiki/Loops/Do-while
1,0,0,0,0,0,0,0,0,0,5,0,1,0,0,0,0,0,0,26,0,http://rosettacode.org//wiki/Loops/Do-while
1,0,0,0,0,0,0,0,0,0,0,0,5,0,0,0,0,0,0,5,0,http://rosettacode.org//wiki/Loops/Do-while
1,0,2,0,1,0,0,2,0,0,1,0,0,0,0,0,0,0,0,10,2,http://rosettacode.org//wiki/Dot_product
1,0,1,0,1,0,0,0,0,0,7,0,0,0,0,0,0,0,0,14,2,http://rosettacode.org//wiki/Dot_product
1,0,0,0,0,0,0,0,0,3,7,0,1,0,0,0,0,0,0,26,3,http://rosettacode.org//wiki/Dot_product
1,0,1,0,0,0,0,1,0,0,1,0,0,0,0,0,0,0,0,1,0,http://rosettacode.org//wiki/Loops/Downward_for
1,0,1,0,0,0,0,1,0,0,1,0,0,0,0,0,0,0,0,1,0,http://rosettacode.org//wiki/Loops/Downward_for
1,0,1,0,0,0,0,0,0,0,1,0,0,0,0,0,0,0,0,2,0,http://rosettacode.org//wiki/Loops/Downward_for
1,0,0,0,0,0,0,0,0,0,5,0,0,0,0,0,0,0,0,12,0,http://rosettacode.org//wiki/Loops/Downward_for
1,0,0,0,0,0,0,0,0,0,1,0,0,0,0,0,0,0,0,7,0,http://rosettacode.org//wiki/Loops/Downward_for
1,0,0,0,0,0,0,0,0,0,0,0,0,0,0,0,0,0,0,3,0,http://rosettacode.org//wiki/Loops/Downward_for
1,0,0,0,0,0,0,4,1,0,8,0,0,0,1,1,0,0,0,78,32,http://rosettacode.org//wiki/Dragon_curve
1,0,1,0,1,0,0,3,1,3,15,0,0,0,2,1,2,0,0,47,0,http://rosettacode.org//wiki/Draw_a_clock
1,0,2,0,0,2,0,0,4,0,11,0,0,0,2,0,1,0,2,44,3,http://rosettacode.org//wiki/Draw_a_sphere
1,0,0,0,0,0,0,0,0,0,0,0,0,0,0,0,0,0,0,3,1,http://rosettacode.org//wiki/Dynamic_variable_names
1,0,0,0,0,0,0,0,0,0,0,0,0,0,0,0,0,0,0,3,0,http://rosettacode.org//wiki/Dynamic_variable_names
1,0,0,0,1,0,0,3,0,0,1,0,0,0,1,0,0,0,0,17,0,http://rosettacode.org//wiki/Echo_server
1,0,4,0,2,0,0,3,1,0,1,0,2,0,0,0,0,0,0,28,1,http://rosettacode.org//wiki/Singly-linked_list/Element_definition
1,0,2,0,2,0,0,1,0,0,0,0,2,0,1,0,0,0,0,11,0,http://rosettacode.org//wiki/Singly-linked_list/Element_insertion
1,0,0,0,0,0,0,0,1,0,2,0,0,0,0,0,0,0,0,2,0,http://rosettacode.org//wiki/Empty_string
0,0,0,0,0,0,0,0,0,0,0,0,0,0,0,0,0,0,0,2,0,http://rosettacode.org//wiki/Empty_string
1,0,0,0,2,0,0,0,0,0,2,0,5,0,0,0,0,0,0,5,0,http://rosettacode.org//wiki/Empty_string
1,0,0,0,0,0,0,1,0,0,1,0,1,0,0,0,0,0,0,17,1,http://rosettacode.org//wiki/Roman_numerals/Encode
1,0,1,5,0,0,0,1,0,2,7,0,0,0,0,0,0,0,0,56,4,http://rosettacode.org//wiki/Roman_numerals/Encode
0,0,0,0,0,0,0,0,0,0,0,0,0,0,0,0,0,0,0,2,0,http://rosettacode.org//wiki/Enforced_immutability
1,1,2,0,0,0,0,0,0,0,9,0,0,0,1,0,0,0,0,33,3,http://rosettacode.org//wiki/Entropy
1,0,0,0,0,0,0,0,0,0,0,0,0,0,0,0,0,0,0,6,0,http://rosettacode.org//wiki/Enumerations
1,0,0,0,0,0,0,0,0,0,0,1,0,0,0,0,0,0,0,3,0,http://rosettacode.org//wiki/Environment_variables
1,0,3,0,0,0,0,0,0,0,7,0,5,0,0,0,0,0,0,22,7,http://rosettacode.org//wiki/Equilibrium_index
0,0,0,0,0,0,0,0,0,0,0,0,0,0,0,0,0,0,0,27,1,http://rosettacode.org//wiki/Ethiopian_multiplication
1,0,2,0,0,0,0,0,0,0,3,0,1,0,0,0,0,0,2,11,4,http://rosettacode.org//wiki/Ethiopian_multiplication
1,0,0,0,0,0,0,0,0,0,0,0,1,0,0,0,0,0,0,1,0,http://rosettacode.org//wiki/Ethiopian_multiplication
1,0,0,0,1,0,0,7,0,0,0,0,0,1,2,0,1,0,0,29,0,http://rosettacode.org/wiki/Euler%27s_sum_of_powers_conjecture
1,0,5,0,0,0,0,7,0,1,9,0,9,2,1,0,0,0,0,25,0,http://rosettacode.org/wiki/Euler%27s_sum_of_powers_conjecture
1,0,8,0,1,0,0,6,0,1,11,0,9,3,1,0,0,0,0,25,2,http://rosettacode.org/wiki/Euler%27s_sum_of_powers_conjecture
1,0,6,0,0,0,0,6,0,1,8,0,9,0,1,0,0,0,0,22,0,http://rosettacode.org/wiki/Euler%27s_sum_of_powers_conjecture
1,0,5,0,0,0,0,9,0,1,9,0,16,0,1,0,0,0,0,38,0,http://rosettacode.org/wiki/Euler%27s_sum_of_powers_conjecture
1,0,0,0,0,0,0,1,0,0,6,0,1,0,0,1,0,0,0,25,8,http://rosettacode.org//wiki/Euler_method
1,0,2,0,0,0,0,2,0,0,4,0,0,0,0,0,0,0,0,7,0,http://rosettacode.org//wiki/Evaluate_binomial_coefficients
1,0,0,0,0,0,0,0,1,0,1,0,0,0,0,0,0,0,1,3,0,http://rosettacode.org//wiki/Even_or_odd
1,0,0,0,0,0,0,0,1,0,2,0,0,0,0,0,0,0,0,7,1,http://rosettacode.org//wiki/Even_or_odd
0,0,0,0,0,0,0,0,0,0,0,0,0,0,0,0,0,0,0,2,1,http://rosettacode.org//wiki/Even_or_odd
1,0,0,0,0,0,0,0,0,0,1,1,0,0,0,0,0,0,0,10,2,http://rosettacode.org//wiki/Events
1,0,0,0,0,0,0,0,1,0,2,1,0,0,0,0,0,0,0,10,2,http://rosettacode.org//wiki/Events
1,0,8,0,2,0,0,13,1,0,11,0,0,0,14,0,1,0,2,200,44,http://rosettacode.org//wiki/Evolutionary_algorithm
1,0,0,0,0,0,0,0,1,0,0,0,0,0,0,0,0,0,0,3,0,http://rosettacode.org//wiki/Exceptions
0,0,0,0,0,0,0,0,0,0,0,0,0,0,0,0,0,0,0,8,0,http://rosettacode.org//wiki/Exceptions
0,0,0,0,0,0,0,0,0,0,0,0,0,0,0,0,0,0,0,25,1,http://rosettacode.org/wiki/Execute_HQ9%2B
1,0,0,0,0,0,0,2,2,0,2,0,0,0,5,0,0,0,0,28,0,http://rosettacode.org/wiki/Execute_HQ9%2B
1,0,0,0,0,0,0,0,0,0,0,0,0,0,0,0,0,0,0,2,0,http://rosettacode.org//wiki/Execute_a_system_command
1,0,0,0,0,0,0,1,0,0,0,0,0,0,0,0,0,0,0,10,2,http://rosettacode.org//wiki/Execute_a_system_command
0,0,0,0,0,0,0,0,0,0,0,0,0,0,0,0,0,0,0,28,0,http://rosettacode.org//wiki/Generator/Exponential
1,0,2,0,1,0,0,1,1,0,0,0,0,0,0,0,0,0,0,12,0,http://rosettacode.org//wiki/Exponentiation_operator
0,0,0,0,0,0,0,0,0,0,0,0,0,0,0,0,0,0,0,1,0,http://rosettacode.org//wiki/Factorial
1,0,0,0,0,0,0,1,1,0,1,0,0,0,0,0,0,0,0,13,2,http://rosettacode.org//wiki/Factorial
1,0,0,0,0,0,0,0,0,0,2,0,0,0,0,0,0,0,0,8,0,http://rosettacode.org//wiki/Factorial
1,0,0,0,0,0,0,0,0,0,0,0,1,0,0,0,0,0,0,1,0,http://rosettacode.org//wiki/Factorial
1,0,1,1,0,0,0,0,0,1,7,0,0,0,0,0,0,0,0,18,2,http://rosettacode.org//wiki/Factorial
1,0,0,0,0,0,0,0,0,0,0,0,1,0,0,0,0,0,0,1,0,http://rosettacode.org//wiki/Factorial
0,0,0,0,0,0,0,0,0,0,0,0,0,0,0,0,0,0,0,1,0,http://rosettacode.org//wiki/Factorial
1,0,0,0,7,0,0,2,2,2,7,0,17,0,0,0,0,0,0,41,1,http://rosettacode.org//wiki/Factors_of_a_Mersenne_number
1,0,2,0,0,0,0,0,0,0,3,0,0,0,0,0,0,0,0,18,4,http://rosettacode.org//wiki/Factors_of_an_integer
1,0,0,0,0,0,0,0,0,0,7,0,1,0,0,0,0,0,0,17,4,http://rosettacode.org//wiki/Factors_of_an_integer
1,0,0,0,0,0,0,0,0,0,0,0,1,0,0,0,0,0,0,1,0,http://rosettacode.org//wiki/Factors_of_an_integer
1,0,0,0,0,0,0,0,0,1,18,0,1,0,0,0,0,0,1,50,6,http://rosettacode.org//wiki/Factors_of_an_integer
0,0,0,0,0,0,0,0,0,0,0,0,0,0,0,0,0,0,0,11,0,http://rosettacode.org//wiki/Factors_of_an_integer
1,0,5,0,0,0,0,10,1,1,9,0,1,0,0,0,1,0,0,55,11,http://rosettacode.org//wiki/Fast_Fourier_transform
1,0,3,0,0,0,0,0,0,0,1,0,5,0,3,0,0,0,0,44,10,http://rosettacode.org//wiki/Fast_Fourier_transform
1,0,3,0,0,0,0,4,0,4,4,0,0,0,0,0,0,0,0,25,0,http://rosettacode.org//wiki/Fibonacci_n-step_number_sequences
1,0,0,0,0,0,0,0,1,0,4,0,0,0,0,0,0,0,0,5,0,http://rosettacode.org//wiki/Fibonacci_sequence
1,0,0,0,0,0,0,0,1,0,4,0,0,0,0,0,0,0,0,12,0,http://rosettacode.org//wiki/Fibonacci_sequence
1,0,2,0,1,0,0,0,0,0,1,0,0,0,0,0,0,0,0,8,0,http://rosettacode.org//wiki/Fibonacci_sequence
1,0,0,1,0,0,0,0,0,0,3,0,0,0,0,0,0,0,0,15,0,http://rosettacode.org//wiki/Fibonacci_sequence
1,0,0,0,0,0,0,1,1,0,2,1,0,0,0,0,0,0,0,17,0,http://rosettacode.org//wiki/Fibonacci_sequence
0,0,0,0,0,0,0,0,0,0,0,0,0,0,0,0,0,0,0,10,0,http://rosettacode.org//wiki/Fibonacci_sequence
1,0,4,0,0,0,0,17,0,0,26,0,0,0,0,0,2,0,0,96,8,http://rosettacode.org//wiki/Fibonacci_word
1,0,0,0,0,0,0,0,1,0,1,1,0,0,0,0,0,0,0,3,0,http://rosettacode.org//wiki/File_modification_time
1,0,0,0,0,0,0,0,1,0,0,0,0,0,0,0,0,0,0,2,0,http://rosettacode.org//wiki/File_modification_time
1,0,0,0,0,0,0,0,0,0,0,2,0,0,0,0,0,0,0,3,0,http://rosettacode.org//wiki/File_size
1,0,0,0,0,0,0,1,0,2,0,0,0,0,1,0,0,0,0,16,1,http://rosettacode.org//wiki/File_size
1,0,0,0,1,0,0,0,1,0,1,0,1,0,0,0,0,0,0,4,0,http://rosettacode.org//wiki/Filter
1,0,2,0,1,0,0,1,0,0,1,0,0,0,0,0,0,0,0,5,0,http://rosettacode.org//wiki/Filter
0,0,0,0,0,0,0,0,0,0,0,0,0,0,0,0,0,0,0,15,0,http://rosettacode.org//wiki/Filter
1,0,0,0,0,0,0,0,0,0,0,0,1,0,0,0,0,0,0,1,1,http://rosettacode.org//wiki/Filter
1,0,0,0,0,0,0,1,0,0,0,0,0,0,0,0,0,0,0,9,0,http://rosettacode.org//wiki/Find_limit_of_recursion
1,0,1,0,3,0,0,1,0,0,0,0,6,0,0,0,0,0,0,10,0,http://rosettacode.org//wiki/Find_the_last_Sunday_of_each_month
1,0,0,8,0,0,0,1,0,2,9,0,1,0,0,0,0,0,0,63,6,http://rosettacode.org//wiki/Find_the_last_Sunday_of_each_month
1,0,6,0,2,0,0,1,0,0,10,0,2,0,4,0,0,0,0,22,2,http://rosettacode.org//wiki/Find_the_missing_permutation
1,0,0,0,0,0,1,1,0,3,4,0,1,0,0,0,0,0,0,38,7,http://rosettacode.org//wiki/Find_the_missing_permutation
1,0,0,0,0,0,0,0,0,0,0,0,1,0,0,0,0,0,0,1,0,http://rosettacode.org//wiki/Find_the_missing_permutation
1,0,0,0,0,0,0,0,0,0,0,0,1,0,0,0,0,0,0,19,1,http://rosettacode.org//wiki/Rosetta_Code/Find_unimplemented_tasks
1,0,0,0,0,0,0,1,0,0,6,0,0,0,0,0,0,0,0,20,4,http://rosettacode.org//wiki/First-class_functions
0,0,0,0,0,0,0,0,0,0,0,0,0,0,0,0,0,0,0,12,4,http://rosettacode.org//wiki/First-class_functions
1,0,1,0,0,0,0,0,0,0,0,0,0,0,1,0,0,0,0,41,2,http://rosettacode.org//wiki/Five_weekends
1,0,0,0,1,0,0,2,0,0,2,0,0,0,1,0,0,0,0,50,4,http://rosettacode.org//wiki/Five_weekends
1,0,0,7,0,0,0,1,0,0,10,0,0,0,0,0,0,0,0,46,2,http://rosettacode.org//wiki/Five_weekends
1,0,1,1,0,0,0,1,0,0,1,0,0,0,1,0,0,0,0,10,1,http://rosettacode.org//wiki/Rosetta_Code/Fix_code_tags
1,0,0,0,0,0,0,0,1,0,1,0,0,0,0,0,0,0,0,13,1,http://rosettacode.org//wiki/FizzBuzz
1,0,0,0,2,0,0,1,0,0,1,0,1,0,0,0,0,0,0,7,0,http://rosettacode.org//wiki/FizzBuzz
1,0,1,0,0,0,0,0,0,0,0,0,0,0,1,0,0,0,0,1,0,http://rosettacode.org//wiki/FizzBuzz
1,0,0,0,0,0,0,0,0,0,2,0,3,0,0,0,0,0,0,11,0,http://rosettacode.org//wiki/FizzBuzz
0,0,0,0,0,0,0,0,0,0,0,0,0,0,0,0,0,0,0,14,0,http://rosettacode.org//wiki/FizzBuzz
1,0,0,0,0,0,0,0,1,0,0,0,0,0,0,0,0,0,0,5,0,http://rosettacode.org//wiki/Flatten_a_list
1,0,0,0,0,0,0,0,0,1,2,0,0,0,0,0,0,0,0,28,2,http://rosettacode.org//wiki/Flatten_a_list
1,0,0,0,0,0,0,0,1,0,1,0,0,0,0,0,0,0,0,4,1,http://rosettacode.org//wiki/Flatten_a_list
1,0,0,0,0,0,0,0,0,0,1,0,0,0,0,0,0,0,0,24,1,http://rosettacode.org//wiki/Flatten_a_list
0,0,0,0,0,0,0,0,0,0,0,0,0,0,0,0,0,0,0,3,0,http://rosettacode.org//wiki/Flatten_a_list
1,0,2,0,11,0,0,11,1,0,7,0,0,0,2,0,1,0,2,99,5,http://rosettacode.org//wiki/Flipping_bits_game
1,0,0,0,0,0,0,0,0,4,8,0,4,0,0,0,0,0,0,69,17,http://rosettacode.org/wiki/Floyd%27s_triangle
1,0,1,0,0,0,0,5,0,2,3,0,0,0,0,0,1,0,0,31,0,http://rosettacode.org/wiki/Floyd%27s_triangle
1,0,2,0,1,0,0,0,0,0,0,0,1,0,0,0,0,0,0,18,0,http://rosettacode.org//wiki/Floyd-Warshall_algorithm
1,0,1,0,0,0,0,0,0,0,2,0,0,0,0,0,0,0,0,7,0,http://rosettacode.org//wiki/Loops/For
0,0,0,0,0,0,0,0,0,0,0,0,0,0,0,0,0,0,0,4,0,http://rosettacode.org//wiki/Loops/For
1,0,0,0,0,0,0,0,0,0,1,0,0,0,0,0,0,0,0,12,0,http://rosettacode.org//wiki/Loops/For
1,0,0,0,0,0,0,0,0,0,2,0,0,0,0,0,0,0,0,7,0,http://rosettacode.org//wiki/Loops/For
1,0,0,0,0,0,0,0,0,0,1,0,0,0,0,0,0,0,0,5,0,http://rosettacode.org//wiki/Loops/For
1,0,0,0,0,0,0,0,0,0,1,0,0,0,0,0,0,0,0,7,0,http://rosettacode.org//wiki/Loops/For_with_a_specified_step
1,0,0,0,0,0,0,0,0,0,2,0,0,0,0,0,0,0,0,18,3,http://rosettacode.org//wiki/Loops/For_with_a_specified_step
1,0,0,0,0,0,0,0,0,0,1,0,0,0,0,0,0,0,0,5,0,http://rosettacode.org//wiki/Loops/Foreach
1,0,0,0,0,0,0,0,0,0,1,0,0,0,0,0,0,0,0,5,0,http://rosettacode.org//wiki/Loops/Foreach
1,0,0,0,0,0,0,0,0,0,3,0,1,0,0,1,0,0,0,7,0,http://rosettacode.org//wiki/Loops/Foreach
1,0,0,0,0,0,0,1,0,0,1,0,0,0,0,0,0,0,0,3,0,http://rosettacode.org//wiki/Loops/Foreach
1,0,0,0,0,0,0,1,0,0,1,0,0,0,0,0,0,0,0,5,0,http://rosettacode.org//wiki/Loops/Foreach
0,0,0,0,0,0,0,0,0,0,0,0,0,0,0,0,0,0,0,17,10,http://rosettacode.org//wiki/Loops/Foreach
0,0,0,0,0,0,0,0,0,0,0,0,0,0,0,0,0,0,0,17,10,http://rosettacode.org//wiki/Loops/Foreach
0,0,0,0,0,0,0,0,0,0,0,0,0,0,0,0,0,0,0,59,0,http://rosettacode.org//wiki/Forest_fire
1,0,0,0,7,0,0,7,0,0,15,0,0,0,1,0,1,0,0,59,2,http://rosettacode.org//wiki/Forest_fire
1,0,0,0,0,0,0,0,0,0,1,0,0,0,0,0,0,0,0,3,0,http://rosettacode.org//wiki/Formatted_numeric_output
1,0,4,0,1,0,0,0,1,0,0,0,0,0,1,0,0,0,0,15,0,http://rosettacode.org//wiki/Four_bit_adder
1,0,7,0,5,0,0,2,1,0,17,0,0,0,0,0,1,0,0,74,8,http://rosettacode.org//wiki/Four_bit_adder
1,0,0,0,0,0,0,0,0,0,0,0,0,0,0,0,0,0,0,1,1,http://rosettacode.org//wiki/Four_bit_adder
1,0,0,0,0,0,0,0,0,0,2,0,0,0,0,0,0,0,2,11,1,http://rosettacode.org//wiki/Four_bit_adder
1,0,0,0,0,0,0,4,1,0,0,0,0,0,0,2,0,0,0,25,0,http://rosettacode.org//wiki/Fractal_tree
1,0,2,0,1,0,0,2,2,1,3,0,0,0,1,0,0,0,0,38,1,http://rosettacode.org//wiki/Fractran
1,0,0,0,0,0,0,0,1,0,3,0,0,0,0,0,0,0,0,5,0,http://rosettacode.org//wiki/Function_composition
1,0,0,0,0,0,0,0,0,0,0,0,0,0,0,0,0,0,0,2,1,http://rosettacode.org//wiki/Function_composition
1,0,1,2,0,0,0,1,0,0,8,0,1,0,0,0,0,0,0,34,4,http://rosettacode.org//wiki/Function_composition
1,0,0,0,0,0,0,0,1,0,2,0,0,0,0,0,0,0,0,3,0,http://rosettacode.org//wiki/Function_definition
1,0,0,0,0,0,0,0,1,0,2,0,0,0,0,0,0,0,0,3,0,http://rosettacode.org//wiki/Function_definition
1,0,0,0,0,0,0,0,1,0,2,0,0,0,0,0,0,0,0,3,0,http://rosettacode.org//wiki/Function_definition
1,0,0,0,0,0,0,0,1,0,3,0,0,0,0,0,0,0,0,5,0,http://rosettacode.org//wiki/Function_definition
1,0,0,0,0,0,0,0,1,0,1,0,0,0,0,0,0,0,0,8,1,http://rosettacode.org//wiki/Function_definition
0,0,0,0,0,0,0,0,0,0,0,0,0,0,0,0,0,0,0,4,0,http://rosettacode.org//wiki/Function_definition
0,0,0,0,0,0,0,0,0,0,0,0,0,0,0,0,0,0,0,5,0,http://rosettacode.org//wiki/Function_definition
0,0,0,0,0,0,0,0,0,0,0,0,0,0,0,0,0,0,0,3,0,http://rosettacode.org//wiki/Function_definition
1,0,0,0,0,0,0,2,0,0,2,0,2,0,0,0,0,0,0,31,8,http://rosettacode.org//wiki/Function_prototype
0,0,0,0,0,0,0,0,0,0,0,0,0,0,0,0,0,0,0,34,8,http://rosettacode.org//wiki/Function_prototype
1,0,2,0,0,0,0,2,1,0,6,0,0,0,0,0,0,0,2,9,0,http://rosettacode.org//wiki/User:DanBron/Game_of_Nim
1,0,2,0,0,0,0,0,1,0,2,0,6,0,0,0,0,0,2,8,0,http://rosettacode.org//wiki/User:DanBron/Game_of_Nim
1,0,0,0,0,0,0,0,0,0,0,0,1,0,0,0,0,0,0,1,0,http://rosettacode.org//wiki/User:DanBron/Game_of_Nim
1,0,0,0,0,0,0,3,1,0,6,0,0,0,1,0,0,0,0,16,0,http://rosettacode.org//wiki/Gamma_function
1,0,14,0,3,0,0,31,0,2,25,0,53,0,2,0,2,0,0,114,15,http://rosettacode.org//wiki/Gaussian_elimination
1,0,0,0,0,0,0,0,1,0,8,0,0,0,0,0,0,0,0,9,0,http://rosettacode.org//wiki/General_FizzBuzz
1,0,0,0,0,0,0,0,0,0,2,0,2,0,0,0,0,0,0,26,2,http://rosettacode.org//wiki/General_FizzBuzz
1,0,0,0,0,0,0,0,0,0,2,0,0,0,0,0,0,0,0,11,0,http://rosettacode.org//wiki/Generate_lower_case_ASCII_alphabet
1,0,0,0,0,0,0,0,0,0,0,0,1,0,1,0,0,0,0,1,0,http://rosettacode.org//wiki/Generate_lower_case_ASCII_alphabet
1,0,0,0,0,0,0,0,0,0,2,0,0,0,0,0,0,0,0,16,0,http://rosettacode.org//wiki/Generate_lower_case_ASCII_alphabet
1,0,0,0,0,0,0,0,0,0,0,0,1,0,2,0,0,0,0,4,0,http://rosettacode.org//wiki/Generate_lower_case_ASCII_alphabet
1,0,0,0,0,0,0,1,0,0,1,0,2,0,0,0,0,0,0,4,0,http://rosettacode.org//wiki/Generate_lower_case_ASCII_alphabet
1,0,0,0,0,0,0,0,1,0,0,0,0,0,0,0,0,0,0,5,0,http://rosettacode.org//wiki/Generic_swap
1,0,0,2,0,0,0,2,2,0,2,0,4,0,1,0,0,0,0,9,0,http://rosettacode.org//wiki/Generic_swap
1,0,0,0,2,0,0,6,1,5,18,0,2,1,0,0,1,0,16,75,2,http://rosettacode.org//wiki/Geometric_algebra
1,0,0,0,0,0,0,6,0,0,9,0,0,0,0,0,0,0,0,46,4,http://rosettacode.org//wiki/Geometric_algebra
0,0,0,0,0,0,0,0,0,0,0,0,0,0,0,0,0,0,0,4,1,http://rosettacode.org//wiki/Reflection/Get_source
1,0,0,0,0,0,0,0,0,0,0,0,0,0,0,0,0,0,0,2,1,http://rosettacode.org//wiki/Reflection/Get_source
1,0,1,0,0,0,0,2,1,0,4,0,0,0,0,0,0,0,0,13,0,http://rosettacode.org//wiki/Sorting_algorithms/Gnome_sort
1,0,0,0,1,0,0,0,1,0,0,0,0,0,0,0,0,0,0,5,0,http://rosettacode.org//wiki/User_input/Graphical
1,0,0,0,0,0,1,7,0,2,8,0,1,0,6,1,1,0,0,44,11,http://rosettacode.org//wiki/Grayscale_image
1,0,0,0,0,0,0,1,1,0,2,0,0,0,0,0,1,0,0,19,0,http://rosettacode.org//wiki/Greatest_common_divisor
1,0,0,0,0,0,0,0,1,0,2,0,0,0,0,0,0,0,0,3,0,http://rosettacode.org//wiki/Greatest_common_divisor
1,0,0,0,0,0,0,0,0,0,4,1,0,0,0,0,0,0,0,15,2,http://rosettacode.org//wiki/Greatest_common_divisor
0,0,0,0,0,0,0,0,0,0,0,0,0,0,0,0,0,0,0,19,0,http://rosettacode.org//wiki/Greatest_common_divisor
0,0,0,0,0,0,0,0,0,0,0,0,0,0,0,0,0,0,0,3,0,http://rosettacode.org//wiki/Greatest_common_divisor
1,0,0,0,0,0,0,0,0,0,0,0,0,0,0,0,0,0,0,1,1,http://rosettacode.org//wiki/Greatest_element_of_a_list
1,0,0,0,0,0,0,2,0,0,20,0,3,0,0,0,1,0,0,81,6,http://rosettacode.org//wiki/Greatest_element_of_a_list
1,0,0,0,0,0,0,0,0,0,0,0,1,0,0,0,0,0,0,17,0,http://rosettacode.org//wiki/Greatest_element_of_a_list
0,0,0,0,0,0,0,0,0,0,0,0,0,0,0,0,0,0,0,1,1,http://rosettacode.org//wiki/Greatest_element_of_a_list
1,1,0,0,0,0,0,5,1,1,3,0,0,0,0,0,1,0,0,23,0,http://rosettacode.org//wiki/Greatest_subsequential_sum
1,0,0,0,1,0,0,0,0,0,0,0,0,0,0,0,0,0,0,10,1,http://rosettacode.org//wiki/Guess_the_number
1,0,0,0,0,0,0,0,0,0,0,0,1,0,0,0,0,0,0,6,1,http://rosettacode.org//wiki/HTTP
0,0,0,0,0,0,0,0,0,0,0,0,0,0,0,0,0,0,0,3,1,http://rosettacode.org//wiki/HTTP
1,0,0,0,1,0,0,0,0,0,0,0,3,0,1,0,0,0,0,12,2,http://rosettacode.org//wiki/HTTPS
1,0,0,0,0,0,0,3,0,0,4,0,0,0,0,0,0,0,0,23,2,http://rosettacode.org//wiki/Hailstone_sequence
1,0,0,0,0,0,0,1,0,0,1,0,1,0,0,0,0,0,0,16,2,http://rosettacode.org//wiki/Hailstone_sequence
0,0,0,0,0,0,0,0,0,0,0,0,0,0,0,0,0,0,0,11,0,http://rosettacode.org//wiki/Hailstone_sequence
1,0,2,0,0,0,0,1,0,0,14,0,3,0,0,0,0,0,0,47,7,http://rosettacode.org//wiki/Hailstone_sequence
0,0,0,0,0,0,0,0,0,0,0,0,0,0,0,0,0,0,0,5,1,http://rosettacode.org//wiki/Hailstone_sequence
1,0,2,0,0,0,0,0,1,0,15,0,2,0,0,0,0,0,0,42,5,http://rosettacode.org//wiki/Hailstone_sequence
1,0,0,0,0,0,0,0,0,0,0,0,1,0,0,0,0,0,0,13,3,http://rosettacode.org//wiki/Hailstone_sequence
0,0,0,0,0,0,0,0,0,0,0,0,0,0,0,0,0,0,0,5,0,http://rosettacode.org//wiki/Hailstone_sequence
0,0,0,0,0,0,0,0,0,0,0,0,0,0,0,0,0,0,0,33,0,http://rosettacode.org//wiki/Hamming_numbers
0,0,0,0,0,0,0,0,0,0,0,0,0,0,0,0,0,0,0,82,15,http://rosettacode.org//wiki/Hamming_numbers
1,0,0,0,0,0,0,1,0,0,1,0,7,0,0,0,0,0,0,14,0,http://rosettacode.org//wiki/Handle_a_signal
1,0,1,0,2,0,0,2,0,0,1,0,0,0,0,0,1,0,0,23,0,http://rosettacode.org//wiki/Happy_numbers
1,0,1,0,0,0,0,5,0,0,5,0,0,0,0,0,0,0,0,20,0,http://rosettacode.org//wiki/Harshad_or_Niven_series
1,0,0,0,0,0,0,1,0,0,1,0,0,0,0,0,0,0,0,6,0,http://rosettacode.org//wiki/Hash_from_two_arrays
1,0,0,0,0,0,0,0,2,0,0,0,0,0,0,0,0,0,0,7,0,http://rosettacode.org//wiki/Hash_from_two_arrays
1,0,0,0,0,0,0,0,1,0,0,0,0,0,0,0,0,0,0,6,0,http://rosettacode.org//wiki/Hash_from_two_arrays
1,0,0,0,0,0,0,0,0,0,3,0,0,0,1,0,0,0,0,16,1,http://rosettacode.org//wiki/Haversine_formula
1,0,3,0,1,0,0,0,0,3,4,0,1,0,0,0,0,0,0,44,0,http://rosettacode.org//wiki/Sorting_algorithms/Heapsort
1,0,7,0,5,0,0,6,0,6,14,0,1,0,6,0,1,0,0,56,0,http://rosettacode.org//wiki/Heronian_triangles
1,0,1,0,0,0,0,1,0,0,23,0,3,0,1,0,0,0,0,76,6,http://rosettacode.org//wiki/Heronian_triangles
1,0,0,0,0,0,0,1,1,0,0,0,0,0,0,0,0,0,0,11,0,http://rosettacode.org//wiki/Higher-order_functions
0,0,0,0,0,0,0,0,0,0,0,0,0,0,0,0,0,0,0,40,6,http://rosettacode.org//wiki/Higher-order_functions
1,0,0,0,0,0,0,2,1,0,5,0,2,0,1,0,0,0,0,22,0,http://rosettacode.org//wiki/Hofstadter-Conway_$10000_sequence
1,0,0,0,0,0,0,5,0,0,16,0,2,0,0,0,0,0,0,43,0,http://rosettacode.org//wiki/Hofstadter_Figure-Figure_sequences
1,0,0,0,0,0,0,1,0,0,3,4,0,0,0,0,0,0,0,16,0,http://rosettacode.org//wiki/Hofstadter_Q_sequence
1,0,0,0,0,0,0,0,0,0,1,0,1,0,0,0,0,0,0,6,1,http://rosettacode.org/wiki/Horner%27s_rule_for_polynomial_evaluation
1,0,0,0,0,0,0,0,0,0,0,0,0,0,0,0,0,0,0,3,0,http://rosettacode.org//wiki/Hostname
1,0,5,0,0,0,0,13,0,0,3,0,6,0,0,0,2,0,0,57,0,http://rosettacode.org//wiki/Huffman_coding
1,0,0,0,1,0,0,3,0,0,3,0,0,0,0,0,0,0,0,9,0,http://rosettacode.org//wiki/Huffman_coding
1,0,4,0,2,0,0,3,0,0,4,0,14,0,1,0,0,0,0,82,5,http://rosettacode.org//wiki/IBAN
1,0,0,0,0,0,0,0,1,0,6,0,1,0,0,0,0,0,0,7,0,http://rosettacode.org//wiki/Identity_matrix
1,0,0,0,0,3,0,3,1,0,6,0,0,0,0,0,1,0,3,60,11,http://rosettacode.org//wiki/Image_convolution
0,0,0,0,0,0,0,0,0,0,0,0,0,0,0,0,0,0,0,43,2,http://rosettacode.org//wiki/Image_noise
1,0,0,0,0,0,0,1,2,0,3,0,0,0,0,0,0,0,0,7,0,http://rosettacode.org//wiki/Runtime_evaluation/In_an_environment
1,0,0,0,0,0,0,0,0,0,0,0,1,0,0,0,0,0,0,1,1,http://rosettacode.org//wiki/Runtime_evaluation/In_an_environment
1,0,0,0,0,0,0,0,0,0,3,0,0,0,0,0,0,0,0,5,2,http://rosettacode.org//wiki/Include_a_file
1,0,0,0,0,0,0,0,0,0,0,0,0,0,0,0,0,0,0,1,1,http://rosettacode.org//wiki/Include_a_file
1,0,0,0,0,0,0,0,1,0,1,0,0,0,0,0,0,0,0,1,1,http://rosettacode.org//wiki/Include_a_file
1,0,0,0,0,0,0,0,1,0,1,0,0,0,0,0,0,0,0,1,0,http://rosettacode.org//wiki/Include_a_file
0,0,0,0,0,0,0,0,0,0,0,0,0,0,0,0,0,0,0,1,0,http://rosettacode.org//wiki/Include_a_file
1,0,0,0,0,0,0,0,1,0,1,0,0,0,0,0,0,0,0,2,0,http://rosettacode.org//wiki/Increment_a_numerical_string
1,0,1,0,0,0,0,0,0,0,0,0,0,0,0,0,0,0,0,1,0,http://rosettacode.org//wiki/Loops/Infinite
1,0,1,0,0,0,0,0,0,0,0,0,0,0,0,0,0,0,0,1,0,http://rosettacode.org//wiki/Loops/Infinite
1,0,0,0,0,0,0,0,0,0,0,0,1,0,0,0,0,0,0,1,0,http://rosettacode.org//wiki/Infinity
1,0,0,0,0,0,0,0,0,0,0,0,2,0,0,0,0,0,0,2,0,http://rosettacode.org//wiki/Infinity
1,0,0,0,0,0,0,0,0,0,0,0,1,0,0,0,0,0,0,1,0,http://rosettacode.org//wiki/Infinity
1,0,0,0,0,0,0,2,0,0,1,0,0,0,0,0,0,0,0,22,1,http://rosettacode.org//wiki/XML/Input
1,0,0,0,0,0,0,0,0,0,0,0,0,0,0,0,0,0,0,17,0,http://rosettacode.org//wiki/XML/Input
0,0,0,0,0,0,0,0,0,0,0,0,0,0,0,0,0,0,0,19,0,http://rosettacode.org//wiki/XML/Input
1,0,0,0,0,0,0,1,0,0,1,1,0,0,0,0,0,0,0,7,1,http://rosettacode.org//wiki/Input_loop
1,0,1,0,0,0,0,4,0,0,5,0,0,0,0,0,0,0,0,12,0,http://rosettacode.org//wiki/Sorting_algorithms/Insertion_sort
1,0,1,0,2,0,0,0,0,0,0,0,0,0,0,0,0,0,0,3,0,http://rosettacode.org//wiki/Literals/Integer
1,0,3,0,1,0,0,0,1,0,4,0,0,0,2,0,0,0,0,25,5,http://rosettacode.org//wiki/Integer_comparison
1,0,1,0,0,0,0,0,0,0,1,0,0,0,0,0,0,0,0,3,0,http://rosettacode.org//wiki/Integer_sequence
0,0,0,0,0,0,0,0,0,0,0,0,0,0,0,0,0,0,0,9,0,http://rosettacode.org//wiki/Interactive_programming
0,0,0,0,0,0,0,0,0,0,0,0,0,0,0,0,0,0,0,2,0,http://rosettacode.org//wiki/Introspection
0,0,0,0,0,0,0,0,0,0,0,0,0,0,0,0,0,0,0,2,0,http://rosettacode.org//wiki/Introspection
1,0,0,0,0,0,0,2,0,0,0,0,0,0,2,0,0,0,0,16,6,http://rosettacode.org//wiki/Associative_array/Iteration
1,0,0,0,0,0,0,0,2,0,0,0,0,0,0,0,0,0,0,6,0,http://rosettacode.org//wiki/JSON
1,0,1,0,0,0,0,0,0,0,3,0,1,0,0,1,0,0,0,14,0,http://rosettacode.org/wiki/Jensen%27s_Device
1,0,1,0,0,0,0,1,1,0,3,0,1,0,0,0,0,0,0,12,2,http://rosettacode.org//wiki/JortSort
1,0,0,0,0,0,0,3,1,0,3,0,1,0,0,0,0,0,0,29,0,http://rosettacode.org//wiki/Josephus_problem
1,0,2,0,0,0,0,2,1,0,5,0,5,0,2,0,0,0,1,7,0,http://rosettacode.org//wiki/Josephus_problem
1,0,3,0,2,0,0,4,1,0,6,0,8,0,0,0,0,0,0,12,0,http://rosettacode.org//wiki/Kaprekar_numbers
1,0,3,0,2,0,0,1,1,0,4,0,7,0,0,0,0,0,0,11,0,http://rosettacode.org//wiki/Kaprekar_numbers
0,0,0,0,0,0,0,0,0,0,0,0,0,0,0,0,0,0,0,13,0,http://rosettacode.org//wiki/Kaprekar_numbers
1,0,0,0,0,0,0,0,0,0,0,0,1,0,0,0,0,0,0,6,0,http://rosettacode.org//wiki/Keyboard_macros
1,0,0,0,0,0,0,3,0,0,2,0,0,0,1,0,0,0,0,24,2,http://rosettacode.org//wiki/Knuth_shuffle
1,0,0,0,0,0,0,0,0,0,6,0,0,0,0,0,2,0,0,73,10,http://rosettacode.org//wiki/LZW_compression
1,0,0,0,0,0,0,8,1,0,39,0,0,0,3,0,2,0,0,94,14,http://rosettacode.org/wiki/Langton%27s_ant
1,0,0,0,0,0,0,0,0,0,0,0,0,0,0,0,0,0,0,5,0,http://rosettacode.org/wiki/Langton%27s_ant
1,0,0,0,0,0,0,0,0,0,12,0,0,0,0,0,0,0,0,17,0,http://rosettacode.org/wiki/Langton%27s_ant
0,0,0,0,0,0,0,0,0,0,0,0,0,0,0,0,0,0,0,56,5,http://rosettacode.org/wiki/Langton%27s_ant
1,0,0,1,0,0,0,0,0,0,4,0,0,0,0,0,0,0,0,22,1,http://rosettacode.org//wiki/Largest_int_from_concatenated_ints
0,0,0,0,0,0,0,0,0,0,0,0,0,0,0,0,0,0,0,6,1,http://rosettacode.org//wiki/Largest_int_from_concatenated_ints
1,0,0,0,0,0,0,0,1,0,0,0,0,0,0,0,0,0,0,3,0,http://rosettacode.org//wiki/Leap_year
1,0,0,0,0,0,0,0,1,0,0,0,0,0,0,0,0,0,0,4,1,http://rosettacode.org//wiki/Leap_year
1,0,0,0,0,0,0,2,1,0,6,0,0,0,0,0,0,0,0,17,4,http://rosettacode.org//wiki/Least_common_multiple
1,0,0,0,0,0,1,0,0,0,3,0,0,0,0,0,0,0,0,27,0,http://rosettacode.org//wiki/Letter_frequency
1,0,0,0,0,0,0,0,0,0,0,0,1,0,0,0,0,0,0,42,0,http://rosettacode.org//wiki/Letter_frequency
1,0,0,0,0,0,0,0,0,0,13,0,0,0,2,0,1,0,0,44,1,http://rosettacode.org//wiki/Levenshtein_distance
1,0,0,0,0,0,0,0,0,0,0,0,0,0,0,0,0,0,0,6,2,http://rosettacode.org//wiki/Hello_world/Line_printer
1,0,0,0,0,0,0,0,0,0,0,0,0,0,0,0,0,0,0,2,1,http://rosettacode.org//wiki/Hello_world/Line_printer
0,0,0,0,0,0,0,0,0,0,0,0,0,0,0,0,0,0,0,16,0,http://rosettacode.org//wiki/List_comprehensions
1,0,0,1,0,0,0,0,0,6,10,0,2,0,0,0,0,0,0,26,9,http://rosettacode.org//wiki/List_comprehensions
0,0,0,0,0,0,0,0,0,0,0,0,0,0,0,0,0,0,0,97,13,http://rosettacode.org//wiki/Reflection/List_methods
1,0,0,0,0,0,0,0,0,0,3,0,5,0,0,0,0,0,0,22,1,http://rosettacode.org//wiki/Monads/List_monad
1,0,0,1,0,0,0,0,0,7,10,0,2,0,6,0,0,0,0,37,16,http://rosettacode.org//wiki/Monads/List_monad
1,0,0,0,0,0,0,1,0,0,1,0,0,0,0,0,0,0,0,43,5,http://rosettacode.org//wiki/Reflection/List_properties
1,0,0,0,0,0,0,0,1,0,2,0,0,0,0,0,0,0,0,5,0,http://rosettacode.org//wiki/Logical_operations
1,0,0,0,0,0,0,3,0,0,0,0,1,0,3,0,1,0,0,17,2,http://rosettacode.org//wiki/Long_multiplication
1,0,1,8,0,0,0,1,0,5,11,0,3,0,1,0,0,0,0,78,10,http://rosettacode.org//wiki/Long_multiplication
1,0,1,0,1,0,0,0,0,3,7,0,0,0,0,0,0,0,0,51,5,http://rosettacode.org//wiki/Longest_common_prefix
1,0,0,0,0,0,0,0,0,0,0,0,1,0,0,0,0,0,0,1,0,http://rosettacode.org//wiki/Longest_common_prefix
1,0,1,1,0,0,0,0,1,0,8,0,1,0,0,0,0,0,0,20,2,http://rosettacode.org//wiki/Longest_common_prefix
1,0,0,0,0,0,0,2,1,0,12,0,0,0,0,0,0,0,0,13,0,http://rosettacode.org//wiki/Longest_common_subsequence
0,0,0,0,0,0,0,0,0,0,0,0,0,0,0,0,0,0,0,12,0,http://rosettacode.org//wiki/Longest_common_subsequence
1,0,1,0,1,0,0,0,1,0,8,0,0,0,0,0,1,0,0,46,4,http://rosettacode.org//wiki/Longest_common_subsequence
1,0,0,0,0,0,0,0,0,0,1,0,0,0,0,0,0,0,0,23,0,http://rosettacode.org//wiki/Longest_common_subsequence
1,0,0,0,0,0,0,0,1,4,10,0,0,0,0,0,1,0,0,40,0,http://rosettacode.org//wiki/Longest_common_subsequence
1,0,0,0,0,0,0,0,0,0,0,0,0,0,0,0,0,0,0,1,1,http://rosettacode.org//wiki/Longest_common_subsequence
1,0,4,0,2,0,0,9,0,0,6,0,0,0,1,0,1,0,0,37,0,http://rosettacode.org//wiki/Longest_increasing_subsequence
1,0,0,0,0,0,0,2,0,0,1,0,2,0,0,0,0,0,0,10,0,http://rosettacode.org//wiki/Look-and-say_sequence
1,0,0,0,0,0,0,1,0,0,1,0,0,0,0,0,0,0,0,22,0,http://rosettacode.org//wiki/Look-and-say_sequence
1,0,0,0,0,0,0,0,1,0,4,0,0,0,0,0,0,0,0,8,0,http://rosettacode.org//wiki/Loop_over_multiple_arrays_simultaneously
1,0,0,0,0,0,0,0,0,0,2,0,0,0,0,0,0,0,0,16,2,http://rosettacode.org//wiki/Loop_over_multiple_arrays_simultaneously
1,0,0,0,0,0,0,0,0,0,2,0,0,0,0,0,0,0,0,15,1,http://rosettacode.org//wiki/Loop_over_multiple_arrays_simultaneously
1,0,0,0,0,0,0,0,0,0,7,0,1,0,0,1,0,0,0,13,2,http://rosettacode.org//wiki/Loop_over_multiple_arrays_simultaneously
1,0,0,2,0,0,0,0,0,0,3,0,0,0,0,0,0,0,0,26,4,http://rosettacode.org//wiki/Loop_over_multiple_arrays_simultaneously
1,0,0,0,0,0,0,0,0,0,0,0,3,0,0,0,0,0,0,3,0,http://rosettacode.org//wiki/Loop_over_multiple_arrays_simultaneously
1,0,0,0,3,0,0,0,0,0,4,0,1,0,1,0,0,0,0,8,0,http://rosettacode.org//wiki/Luhn_test_of_credit_card_numbers
1,0,1,0,2,0,0,1,1,0,1,0,1,0,0,0,0,0,0,16,0,http://rosettacode.org//wiki/Luhn_test_of_credit_card_numbers
1,0,0,0,0,0,0,0,1,0,2,0,1,0,0,0,0,0,0,11,0,http://rosettacode.org//wiki/Luhn_test_of_credit_card_numbers
1,0,1,0,0,0,0,0,0,0,6,0,3,0,0,1,0,0,0,9,2,http://rosettacode.org//wiki/Luhn_test_of_credit_card_numbers
1,0,0,0,0,0,0,0,0,7,13,0,4,0,2,0,0,0,0,73,8,http://rosettacode.org//wiki/Magic_squares_of_odd_order
1,0,0,0,0,0,0,1,1,0,3,0,0,0,1,0,1,0,13,26,0,http://rosettacode.org//wiki/Main_step_of_GOST_28147-89
1,0,2,0,0,0,0,0,1,0,1,0,0,0,0,0,0,0,0,25,2,http://rosettacode.org//wiki/Make_directory_path
1,0,0,0,0,0,0,0,0,0,5,0,0,0,0,1,0,0,0,14,1,http://rosettacode.org//wiki/Man_or_boy_test
0,0,0,0,0,0,0,0,0,0,0,0,0,0,0,0,0,0,0,6,1,http://rosettacode.org//wiki/Man_or_boy_test
1,0,0,0,0,0,0,8,0,0,7,0,0,0,0,1,2,0,0,59,0,http://rosettacode.org//wiki/Mandelbrot_set
1,0,0,0,0,0,0,1,0,0,2,0,0,0,0,0,0,0,0,10,2,http://rosettacode.org//wiki/Map_range
1,0,0,0,0,0,0,0,0,0,2,0,0,0,0,0,0,0,0,16,3,http://rosettacode.org//wiki/Map_range
1,0,0,0,1,0,0,4,0,0,7,0,3,0,0,0,0,0,0,30,3,http://rosettacode.org//wiki/Matrix-exponentiation_operator
1,0,0,0,1,0,0,7,0,0,5,0,2,0,0,0,1,0,0,27,1,http://rosettacode.org//wiki/Matrix_multiplication
1,0,0,0,0,0,0,0,0,5,10,0,0,0,0,0,0,0,0,57,9,http://rosettacode.org//wiki/Matrix_multiplication
1,0,1,0,0,0,0,4,0,0,5,0,4,0,0,0,0,0,0,32,1,http://rosettacode.org//wiki/Matrix_transposition
1,0,0,0,0,0,0,0,0,0,1,0,1,0,0,0,0,0,0,19,0,http://rosettacode.org//wiki/Matrix_transposition
1,0,2,0,3,0,0,1,0,0,0,0,0,0,1,0,0,0,0,19,1,http://rosettacode.org//wiki/Text_processing/Max_licenses_in_use
0,0,0,0,0,0,0,0,0,0,0,0,0,0,0,0,0,0,0,34,0,http://rosettacode.org//wiki/Maximum_triangle_path_sum
1,0,0,0,0,0,0,0,0,0,0,0,1,0,0,0,0,0,0,3,0,http://rosettacode.org//wiki/Maximum_triangle_path_sum
0,0,0,0,0,0,0,0,0,0,0,0,0,0,0,0,0,0,0,46,7,http://rosettacode.org//wiki/Maximum_triangle_path_sum
1,0,0,0,0,0,0,0,0,0,0,0,1,0,0,0,0,0,0,1,0,http://rosettacode.org//wiki/Maximum_triangle_path_sum
1,0,0,1,0,0,0,5,1,1,12,0,2,0,6,0,1,0,0,82,32,http://rosettacode.org//wiki/Monads/Maybe_monad
1,0,19,0,8,0,0,12,2,0,22,0,0,0,1,0,1,0,0,77,0,http://rosettacode.org//wiki/Maze_generation
0,0,0,0,0,0,0,0,0,0,0,0,0,0,0,0,0,0,0,2,0,http://rosettacode.org//wiki/Maze_generation
0,0,0,0,0,0,0,0,0,0,0,0,0,0,0,0,0,0,0,11,0,http://rosettacode.org//wiki/Maze_generation
0,0,0,0,0,0,0,0,0,0,0,0,0,0,0,0,0,0,0,3,0,http://rosettacode.org//wiki/Maze_generation
1,0,1,0,0,0,0,0,0,0,0,0,0,0,0,0,0,0,0,3,0,http://rosettacode.org//wiki/Maze_generation
1,0,1,0,0,0,0,2,0,0,7,0,0,0,1,0,0,0,0,19,0,http://rosettacode.org//wiki/Averages/Mean_angle
1,0,3,0,2,0,0,1,0,0,2,0,2,0,0,0,0,0,0,16,5,http://rosettacode.org//wiki/Averages/Median
1,0,2,0,0,0,0,4,0,0,1,3,0,0,0,0,0,0,0,18,0,http://rosettacode.org//wiki/Menu
1,0,0,0,0,0,0,2,0,0,2,0,0,0,0,0,0,0,0,30,1,http://rosettacode.org//wiki/Sorting_algorithms/Merge_sort
1,0,1,0,0,0,0,0,0,0,6,0,2,0,0,0,0,0,0,15,0,http://rosettacode.org//wiki/Middle_three_digits
1,0,5,0,0,0,0,3,1,0,6,0,0,0,0,0,1,0,0,28,2,http://rosettacode.org//wiki/Miller%E2%80%93Rabin_primality_test
1,0,2,0,1,0,0,1,0,0,1,0,0,0,0,0,0,0,0,19,2,http://rosettacode.org//wiki/Averages/Mode
1,0,0,0,0,0,0,0,0,0,0,0,0,0,0,0,0,0,0,13,0,http://rosettacode.org//wiki/Modulinos
1,0,0,0,0,0,0,0,0,0,0,0,0,0,0,0,0,0,0,4,0,http://rosettacode.org//wiki/Modulinos
1,0,0,0,0,0,0,1,0,0,5,0,0,0,0,0,0,0,0,16,0,http://rosettacode.org//wiki/Monte_Carlo_methods
1,0,0,0,0,0,0,2,1,0,1,0,0,0,0,0,1,0,0,34,5,http://rosettacode.org//wiki/Monty_Hall_problem
0,0,0,0,0,0,0,0,0,0,0,0,0,0,0,0,0,0,0,15,0,http://rosettacode.org//wiki/Monty_Hall_problem
1,0,0,0,0,0,0,0,0,0,3,0,0,0,2,0,0,0,0,40,13,http://rosettacode.org//wiki/Monty_Hall_problem
0,0,0,0,0,0,0,0,0,0,0,0,0,0,0,0,0,0,0,3,0,http://rosettacode.org//wiki/Monty_Hall_problem
1,0,0,0,0,0,0,10,1,6,28,1,0,0,0,0,1,0,0,105,15,http://rosettacode.org//wiki/Morse_code
1,0,0,0,0,0,0,0,0,0,0,0,0,0,0,0,0,0,0,1,0,http://rosettacode.org//wiki/Morse_code
0,0,0,0,0,0,0,0,0,0,0,0,0,0,0,0,0,0,0,6,0,http://rosettacode.org//wiki/Mouse_position
1,0,0,0,0,0,0,0,0,0,0,0,0,0,2,0,0,0,0,32,7,http://rosettacode.org//wiki/Move-to-front_algorithm
0,0,0,0,0,0,0,0,0,0,0,0,0,0,0,0,0,0,0,30,0,http://rosettacode.org//wiki/Multi-dimensional_array
1,0,0,0,0,0,0,0,0,0,0,0,1,0,0,0,0,0,0,4,0,http://rosettacode.org//wiki/Multi-dimensional_array
1,0,0,0,0,0,0,0,0,0,0,1,0,0,0,0,0,0,0,2,0,http://rosettacode.org//wiki/Multi-dimensional_array
1,0,0,0,0,0,0,1,1,0,2,0,0,0,0,0,0,0,0,9,0,http://rosettacode.org//wiki/Multi-dimensional_array
1,0,0,0,0,0,0,0,1,0,1,0,0,0,0,0,0,0,0,8,0,http://rosettacode.org//wiki/Multifactorial
1,0,0,0,0,0,0,3,1,0,3,0,0,0,0,0,0,0,0,9,0,http://rosettacode.org//wiki/Multifactorial
0,0,0,0,0,0,0,0,0,0,0,0,0,0,0,0,0,0,0,6,0,http://rosettacode.org//wiki/Multifactorial
1,0,0,0,0,0,0,0,1,0,1,0,0,0,0,0,0,0,0,3,0,http://rosettacode.org//wiki/Multifactorial
1,0,0,0,0,0,0,3,1,0,3,0,0,0,0,0,0,0,0,9,0,http://rosettacode.org//wiki/Multifactorial
0,0,0,0,0,0,0,0,0,0,0,0,0,0,0,0,0,0,0,6,0,http://rosettacode.org//wiki/Multifactorial
1,0,1,0,0,0,0,1,0,0,2,0,0,0,0,0,0,0,0,3,0,http://rosettacode.org//wiki/Multiple_distinct_objects
1,0,2,0,1,0,0,5,0,0,8,0,7,0,1,0,0,0,0,44,3,http://rosettacode.org//wiki/Multiple_regression
1,0,0,1,0,0,0,1,0,0,10,0,1,0,0,0,0,0,0,42,7,http://rosettacode.org//wiki/Multiplication_tables
1,0,0,0,0,0,0,0,0,0,0,0,1,0,0,0,0,0,0,15,0,http://rosettacode.org//wiki/Multiplication_tables
1,0,0,0,0,0,0,0,0,0,0,0,2,0,0,0,0,0,0,9,0,http://rosettacode.org//wiki/Multisplit
1,0,0,0,0,0,0,1,0,1,9,0,0,0,0,0,0,0,0,23,1,http://rosettacode.org//wiki/Mutual_recursion
0,0,0,0,0,0,0,0,0,0,0,0,0,0,0,0,0,0,0,14,1,http://rosettacode.org//wiki/Mutual_recursion
0,0,0,0,0,0,0,0,0,0,0,0,0,0,0,0,0,0,0,1,0,http://rosettacode.org//wiki/Mutual_recursion
1,0,0,0,0,0,0,0,0,0,5,0,0,0,0,0,0,0,0,23,0,http://rosettacode.org/wiki/N%27th
0,0,0,0,0,0,0,0,0,0,0,0,0,0,0,0,0,0,0,3,0,http://rosettacode.org/wiki/N%27th
1,0,1,0,3,0,0,4,1,2,2,0,1,0,0,0,0,0,0,34,0,http://rosettacode.org//wiki/N-queens_problem
1,0,0,0,0,0,0,0,0,0,1,0,0,0,0,0,0,0,0,13,0,http://rosettacode.org//wiki/Loops/N_plus_one_half
1,0,0,0,0,0,0,0,0,0,4,0,0,0,0,0,0,0,0,10,0,http://rosettacode.org//wiki/Loops/N_plus_one_half
1,0,0,0,0,0,0,0,0,0,0,0,1,0,0,0,0,0,0,1,0,http://rosettacode.org//wiki/Loops/N_plus_one_half
1,0,0,0,0,0,0,0,0,0,6,0,1,0,0,0,0,0,0,17,1,http://rosettacode.org//wiki/Loops/N_plus_one_half
1,0,0,0,0,0,0,0,0,0,0,0,1,0,0,0,0,0,0,1,0,http://rosettacode.org//wiki/Loops/N_plus_one_half
1,0,0,0,1,0,0,1,0,0,3,0,2,0,0,0,0,0,0,5,0,http://rosettacode.org//wiki/Loops/N_plus_one_half
1,0,1,0,1,0,0,0,0,0,2,0,4,0,0,0,0,0,0,7,0,http://rosettacode.org//wiki/Loops/N_plus_one_half
1,0,4,0,1,0,0,7,0,1,5,0,4,0,0,0,1,0,0,42,0,http://rosettacode.org//wiki/Verify_distribution_uniformity/Naive
1,0,0,0,0,0,0,0,0,0,0,0,2,0,1,0,0,0,0,13,2,http://rosettacode.org//wiki/Named_parameters
0,0,0,0,0,0,0,0,0,0,0,0,0,0,0,0,0,0,0,20,5,http://rosettacode.org//wiki/Named_parameters
1,0,0,0,0,0,0,0,0,0,0,0,1,0,1,0,0,0,0,2,0,http://rosettacode.org//wiki/Narcissist
1,0,0,0,0,0,0,2,0,0,1,7,0,0,0,0,0,0,0,18,3,http://rosettacode.org//wiki/Narcissist
1,0,0,0,1,0,0,1,1,0,5,0,0,0,0,0,0,0,0,25,0,http://rosettacode.org//wiki/Narcissistic_decimal_number
1,0,5,0,1,0,0,2,1,0,7,0,1,0,0,0,1,0,0,51,0,http://rosettacode.org//wiki/Create_an_object/Native_demonstration
0,0,0,0,0,0,0,0,0,0,0,0,0,0,0,0,0,0,0,32,0,http://rosettacode.org//wiki/Create_an_object/Native_demonstration
1,0,0,0,0,0,0,0,0,0,6,0,0,0,1,0,0,0,0,18,1,http://rosettacode.org//wiki/Natural_sorting
1,0,1,0,1,0,0,2,0,0,3,0,0,0,0,0,0,0,0,18,1,http://rosettacode.org//wiki/Loops/Nested
1,0,0,1,0,0,0,0,0,0,3,0,1,0,0,0,0,0,0,43,6,http://rosettacode.org//wiki/Loops/Nested
1,0,0,0,0,0,0,0,0,0,0,0,21,0,0,0,0,0,0,21,0,http://rosettacode.org//wiki/Loops/Nested
1,0,0,0,0,0,0,0,0,0,0,0,0,0,0,0,0,0,0,1,0,http://rosettacode.org//wiki/Hello_world/Newline_omission
1,0,1,0,1,0,0,2,0,1,2,0,0,0,0,0,0,0,0,22,1,http://rosettacode.org//wiki/Non-continuous_subsequences
1,0,1,0,0,0,0,1,0,2,1,4,0,0,0,0,0,0,0,20,0,http://rosettacode.org//wiki/Walk_a_directory/Non-recursively
1,0,0,0,0,0,0,1,1,0,3,0,0,0,0,0,0,0,0,9,1,http://rosettacode.org//wiki/Nth_root
1,0,0,0,0,0,0,0,0,0,0,0,0,0,0,0,0,0,0,5,2,http://rosettacode.org//wiki/Null_object
1,0,0,0,0,0,0,1,0,0,5,0,0,0,3,0,0,0,0,65,2,http://rosettacode.org//wiki/Number_reversal_game
1,0,0,0,0,0,0,0,0,0,0,0,0,0,0,0,0,0,0,9,0,http://rosettacode.org//wiki/Keyboard_input/Obtain_a_Y_or_N_response
1,0,0,0,0,0,0,0,0,0,1,0,0,0,0,0,0,0,0,6,0,http://rosettacode.org//wiki/Keyboard_input/Obtain_a_Y_or_N_response
1,0,0,0,2,0,0,1,1,0,1,0,0,0,0,0,0,0,0,18,2,http://rosettacode.org//wiki/One-dimensional_cellular_automata
1,0,0,0,0,0,0,0,0,0,0,0,0,0,0,0,0,0,0,1,0,http://rosettacode.org//wiki/One-dimensional_cellular_automata
0,0,0,0,0,0,0,0,0,0,0,0,0,0,0,0,0,0,0,101,12,http://rosettacode.org//wiki/OpenGL_Pixel_Shader
1,0,3,0,2,0,0,1,0,0,2,0,0,0,0,0,1,0,29,86,0,http://rosettacode.org//wiki/OpenWebNet_Password
1,0,0,0,0,0,0,0,0,0,0,0,1,0,0,0,0,0,0,11,1,http://rosettacode.org//wiki/Optional_parameters
0,0,0,0,0,0,0,0,0,0,0,0,0,0,0,0,0,0,0,4,1,http://rosettacode.org//wiki/Optional_parameters
1,0,2,0,0,0,0,2,0,5,13,0,1,0,0,0,0,0,0,63,7,http://rosettacode.org//wiki/Ordered_Partitions
1,0,0,0,0,0,0,0,0,0,0,0,1,0,0,0,0,0,0,32,0,http://rosettacode.org//wiki/Ordered_Partitions
1,1,0,0,0,0,0,0,0,0,3,0,1,0,1,0,0,0,0,18,0,http://rosettacode.org//wiki/Ordered_words
1,0,1,0,2,0,0,0,0,0,0,0,0,0,0,0,0,0,0,25,0,http://rosettacode.org//wiki/Ordered_words
1,0,0,0,0,0,0,0,0,0,0,0,0,0,0,0,0,0,0,4,0,http://rosettacode.org//wiki/Palindrome_detection
0,0,0,0,0,0,0,0,0,0,0,0,0,0,0,0,0,0,0,1,0,http://rosettacode.org//wiki/Palindrome_detection
1,0,3,0,1,0,0,7,0,0,4,0,2,0,0,0,1,0,0,29,4,http://rosettacode.org//wiki/Sorting_algorithms/Pancake_sort
1,0,2,0,0,0,0,1,0,0,2,0,6,0,1,0,0,0,0,10,3,http://rosettacode.org//wiki/Pangram_checker
1,0,0,3,0,0,0,0,0,0,2,0,0,0,0,0,0,0,0,14,1,http://rosettacode.org//wiki/Pangram_checker
1,0,0,0,1,0,0,0,1,1,1,0,0,0,0,0,0,0,0,18,0,http://rosettacode.org//wiki/Parallel_calculations
1,0,2,0,1,0,0,1,0,2,3,0,0,0,1,0,0,0,0,42,1,http://rosettacode.org//wiki/Parallel_calculations
1,0,0,0,0,0,0,0,1,0,5,0,2,0,0,0,0,0,0,20,1,http://rosettacode.org//wiki/Partial_function_application
1,0,0,0,0,0,0,0,0,0,3,0,2,0,0,0,0,0,0,22,1,http://rosettacode.org//wiki/Partial_function_application
1,0,8,0,2,0,0,11,0,0,25,0,11,0,1,0,1,0,0,137,3,http://rosettacode.org//wiki/Particle_Swarm_Optimization
1,0,0,0,0,0,0,0,0,0,0,0,6,0,0,0,0,0,0,6,0,http://rosettacode.org//wiki/Particle_Swarm_Optimization
1,0,5,0,3,0,0,10,0,0,10,2,3,0,4,0,1,0,0,62,10,http://rosettacode.org/wiki/Pascal%27s_triangle
1,0,0,9,0,0,0,2,1,2,17,0,1,0,0,0,0,0,0,79,8,http://rosettacode.org/wiki/Pascal%27s_triangle
1,0,0,0,0,0,0,0,0,0,0,0,1,0,0,0,0,0,0,9,0,http://rosettacode.org/wiki/Pascal%27s_triangle
1,0,0,0,1,0,0,3,0,0,1,0,0,0,3,0,0,0,0,33,0,http://rosettacode.org//wiki/Percentage_difference_between_images
1,0,2,0,3,0,0,1,0,0,3,0,0,0,0,0,0,0,0,17,0,http://rosettacode.org//wiki/Perfect_numbers
1,0,0,0,0,0,0,0,0,1,7,0,0,0,0,0,0,0,0,16,0,http://rosettacode.org//wiki/Perfect_numbers
1,0,0,0,0,0,0,0,0,0,0,0,1,0,0,0,0,0,0,1,0,http://rosettacode.org//wiki/Perfect_numbers
1,0,0,0,0,0,0,0,0,1,9,0,1,0,0,0,0,0,0,19,0,http://rosettacode.org//wiki/Perfect_numbers
1,0,0,0,0,0,0,0,0,0,0,0,1,0,0,0,0,0,0,1,0,http://rosettacode.org//wiki/Perfect_numbers
1,0,0,0,0,0,0,0,0,4,9,0,0,0,0,0,0,0,0,28,2,http://rosettacode.org//wiki/Perfect_numbers
1,0,0,0,0,0,0,0,0,0,0,0,1,0,0,0,0,0,0,1,0,http://rosettacode.org//wiki/Perfect_numbers
1,0,0,0,1,0,0,3,0,0,3,0,0,0,0,0,0,0,0,17,0,http://rosettacode.org//wiki/Permutations
1,0,0,1,0,0,0,0,0,4,6,0,3,0,0,0,0,0,0,34,6,http://rosettacode.org//wiki/Permutations
1,0,0,0,0,0,0,0,0,0,0,0,1,0,0,0,0,0,0,8,0,http://rosettacode.org//wiki/Permutations
1,0,0,0,0,0,0,0,0,0,2,0,0,0,0,0,0,0,0,9,0,http://rosettacode.org//wiki/Phrase_reversals
0,0,0,0,0,0,0,0,0,0,0,0,0,0,0,0,0,0,0,2,0,http://rosettacode.org//wiki/Pick_random_element
1,0,3,0,0,0,0,3,1,0,3,0,0,0,0,0,0,0,0,27,0,http://rosettacode.org//wiki/Playing_cards
1,0,2,0,2,0,0,2,1,0,0,0,0,0,0,0,0,0,0,8,0,http://rosettacode.org//wiki/Polymorphic_copy
1,0,0,0,6,0,0,0,0,0,18,0,7,0,0,0,1,0,0,63,11,http://rosettacode.org//wiki/Polymorphism
0,0,0,0,0,0,0,0,0,0,0,0,0,0,0,0,0,0,0,15,0,http://rosettacode.org//wiki/Power_set
1,0,0,0,0,0,0,3,0,0,2,0,0,0,0,0,0,0,0,14,0,http://rosettacode.org//wiki/Power_set
1,0,0,0,0,0,0,0,0,0,3,0,1,0,0,0,0,0,0,20,2,http://rosettacode.org//wiki/Power_set
0,0,0,0,0,0,0,0,0,0,0,0,0,0,0,0,0,0,0,21,0,http://rosettacode.org//wiki/Power_set
1,0,0,0,0,0,0,0,0,0,0,0,1,0,0,0,0,0,0,10,0,http://rosettacode.org//wiki/Terminal_control/Preserve_screen
1,0,0,0,0,0,0,0,1,0,1,0,0,0,1,0,0,0,1,7,0,http://rosettacode.org//wiki/Price_fraction
1,0,1,0,6,0,0,1,1,0,2,0,0,0,0,0,0,0,0,13,0,http://rosettacode.org//wiki/Primality_by_trial_division
1,0,7,0,0,0,0,2,1,0,1,0,0,0,0,0,1,0,0,33,0,http://rosettacode.org//wiki/Prime_decomposition
1,0,2,0,0,0,0,4,1,0,2,0,0,0,0,0,1,0,0,39,3,http://rosettacode.org//wiki/Prime_decomposition
1,1,1,0,0,0,0,2,1,0,3,0,0,0,0,0,0,0,0,12,0,http://rosettacode.org//wiki/Prime_decomposition
1,0,0,1,0,0,0,0,0,0,0,0,0,0,0,0,1,0,0,37,1,http://rosettacode.org//wiki/Prime_decomposition
1,0,1,0,0,0,0,5,0,0,2,1,0,0,1,0,0,0,0,31,1,http://rosettacode.org//wiki/Probabilistic_choice
1,0,0,0,0,0,0,0,1,0,0,0,0,0,0,0,0,0,0,3,0,http://rosettacode.org//wiki/Program_name
1,0,0,0,0,0,0,0,0,0,0,0,1,0,0,0,0,0,0,3,0,http://rosettacode.org//wiki/Program_name
1,0,0,0,0,0,0,0,0,0,0,0,0,0,0,0,0,0,0,10,1,http://rosettacode.org//wiki/Program_name
1,0,1,0,0,0,0,0,0,0,0,0,0,0,0,0,0,0,0,2,0,http://rosettacode.org//wiki/Program_termination
1,0,2,0,0,0,0,2,0,1,13,0,0,0,0,0,0,0,1,56,3,http://rosettacode.org//wiki/Proper_divisors
1,0,0,1,0,0,0,1,0,0,4,0,1,0,0,0,0,0,0,54,9,http://rosettacode.org//wiki/Averages/Pythagorean_means
0,0,0,0,0,0,0,0,0,0,0,0,0,0,0,0,0,0,0,8,0,http://rosettacode.org//wiki/Averages/Pythagorean_means
0,0,0,0,0,0,0,0,0,0,0,0,0,0,0,0,0,0,0,54,12,http://rosettacode.org//wiki/Quaternion_type
1,0,0,0,0,0,0,0,0,0,2,3,0,0,1,0,0,0,0,17,0,http://rosettacode.org//wiki/Quaternion_type
1,0,0,0,0,0,0,1,1,0,3,0,0,0,0,0,1,0,0,32,0,http://rosettacode.org//wiki/Sorting_algorithms/Quicksort
1,0,0,0,0,0,0,0,1,0,2,0,0,0,0,0,0,0,0,4,0,http://rosettacode.org//wiki/Sorting_algorithms/Quicksort
1,0,0,0,0,0,0,0,0,0,0,0,1,0,0,0,0,0,0,1,0,http://rosettacode.org//wiki/Sorting_algorithms/Quicksort
1,0,1,2,0,0,0,1,0,0,3,0,1,0,0,0,0,0,0,18,2,http://rosettacode.org//wiki/Sorting_algorithms/Quicksort
0,0,0,0,0,0,0,0,0,0,0,0,0,0,0,0,0,0,0,10,0,http://rosettacode.org//wiki/Sorting_algorithms/Quicksort
1,0,0,0,0,0,0,0,0,0,0,0,1,0,0,0,0,0,0,3,0,http://rosettacode.org//wiki/Quine
1,0,0,0,0,0,0,0,0,0,0,0,1,0,1,0,0,0,0,2,0,http://rosettacode.org//wiki/Quine
1,0,0,0,0,0,0,0,0,0,0,0,2,0,2,0,0,0,0,5,0,http://rosettacode.org//wiki/Quine
1,0,0,0,0,0,0,0,0,0,2,0,2,0,0,0,0,0,0,5,0,http://rosettacode.org//wiki/Quine
1,0,1,0,1,0,0,3,0,0,6,0,6,0,0,0,0,0,0,31,0,http://rosettacode.org//wiki/Parsing/RPN_calculator_algorithm
1,0,2,0,2,0,0,4,0,0,8,0,18,0,0,0,0,0,0,45,0,http://rosettacode.org//wiki/Parsing/RPN_calculator_algorithm
0,0,0,0,0,0,0,0,0,0,0,0,0,0,0,0,0,0,0,79,5,http://rosettacode.org//wiki/Parsing/RPN_to_infix_conversion
1,0,0,0,0,0,0,2,0,0,2,0,3,0,1,0,0,0,0,7,0,http://rosettacode.org//wiki/Random_numbers
1,0,2,0,0,0,0,5,0,1,2,0,0,0,0,0,0,0,0,35,0,http://rosettacode.org//wiki/Range_expansion
1,0,0,0,0,0,0,0,0,1,11,0,0,0,0,1,0,0,0,26,6,http://rosettacode.org//wiki/Range_expansion
1,0,0,0,0,0,0,0,0,0,0,0,1,0,0,0,0,0,0,1,0,http://rosettacode.org//wiki/Range_expansion
1,0,1,0,3,0,0,1,0,0,3,0,0,0,0,0,1,0,0,31,7,http://rosettacode.org//wiki/Range_extraction
1,0,0,0,0,0,0,0,0,0,6,0,0,0,1,1,0,0,0,41,7,http://rosettacode.org//wiki/Range_extraction
1,0,0,0,0,0,0,0,0,0,0,0,1,0,0,0,0,0,0,1,0,http://rosettacode.org//wiki/Range_extraction
1,0,0,0,0,0,0,0,0,0,19,0,0,0,0,0,0,0,0,67,2,http://rosettacode.org//wiki/Ranking_methods
1,0,0,0,0,0,0,2,1,0,3,0,0,0,0,0,0,0,0,13,2,http://rosettacode.org//wiki/Rate_counter
1,0,4,0,5,0,0,4,0,0,5,0,20,0,2,0,1,0,0,144,26,http://rosettacode.org//wiki/Arithmetic/Rational
1,0,1,0,8,0,0,1,0,0,8,0,46,0,0,0,0,0,0,77,1,http://rosettacode.org//wiki/Arithmetic/Rational
1,0,5,0,3,0,0,4,0,0,7,0,1,0,0,0,0,0,0,32,4,http://rosettacode.org//wiki/Arithmetic/Rational
1,0,0,0,0,0,0,1,1,0,0,0,0,0,1,0,0,0,0,24,7,http://rosettacode.org//wiki/Read_a_configuration_file
0,0,0,0,0,0,0,0,0,0,0,0,0,0,0,0,0,0,0,9,0,http://rosettacode.org//wiki/Read_a_configuration_file
1,0,0,0,0,0,0,0,0,0,3,4,2,0,0,0,0,0,0,9,0,http://rosettacode.org//wiki/Read_entire_file
1,0,0,0,0,0,0,1,0,2,0,0,0,0,1,0,0,0,0,16,1,http://rosettacode.org//wiki/Read_entire_file
1,0,0,0,0,0,0,0,0,0,0,0,9,0,0,0,0,0,0,9,0,http://rosettacode.org//wiki/Real_constants_and_functions
1,0,1,0,0,0,0,4,1,2,1,4,0,0,2,0,1,0,0,27,0,http://rosettacode.org//wiki/Walk_a_directory/Recursively
1,0,1,0,4,0,0,8,0,0,6,0,1,0,0,0,1,0,0,49,1,http://rosettacode.org//wiki/Reduced_row_echelon_form
1,0,0,0,0,0,0,0,2,0,0,0,0,0,1,0,0,0,0,12,8,http://rosettacode.org//wiki/Regular_expressions
1,0,0,0,0,0,0,0,1,0,0,0,0,0,0,0,0,0,0,4,2,http://rosettacode.org//wiki/Regular_expressions
1,0,3,0,0,0,0,4,0,0,3,0,0,0,0,0,0,0,0,15,1,http://rosettacode.org//wiki/Remove_duplicate_elements
1,0,2,0,0,0,0,2,1,0,2,0,1,0,0,0,0,0,0,11,0,http://rosettacode.org//wiki/Remove_duplicate_elements
0,0,0,0,0,0,0,0,0,0,0,0,0,0,0,0,0,0,0,3,0,http://rosettacode.org//wiki/Remove_duplicate_elements
0,0,0,0,0,0,0,0,0,0,0,0,0,0,0,0,0,0,0,3,0,http://rosettacode.org//wiki/Remove_duplicate_elements
1,0,0,0,0,0,0,0,1,0,3,0,0,0,0,0,0,0,0,13,1,http://rosettacode.org//wiki/Remove_duplicate_elements
1,0,0,3,0,0,0,0,0,0,5,0,1,0,0,0,0,0,0,30,4,http://rosettacode.org//wiki/Remove_duplicate_elements
1,0,0,0,0,0,0,0,0,0,0,4,0,0,0,0,0,0,0,5,0,http://rosettacode.org//wiki/Rename_a_file
1,0,0,0,0,0,0,0,0,0,1,0,1,0,0,0,0,0,0,4,1,http://rosettacode.org//wiki/Repeat_a_string
1,0,0,0,0,0,0,0,0,0,0,0,0,0,0,0,0,0,0,1,1,http://rosettacode.org//wiki/Repeat_a_string
1,0,2,0,0,0,0,0,0,0,3,0,0,0,0,0,0,0,2,11,0,http://rosettacode.org//wiki/Repeat_a_string
1,0,2,0,0,0,0,0,0,0,1,0,1,0,0,0,0,0,0,15,2,http://rosettacode.org//wiki/Respond_to_an_unknown_method_call
1,0,1,0,1,0,0,0,0,0,0,0,3,0,0,0,0,0,0,17,5,http://rosettacode.org//wiki/Respond_to_an_unknown_method_call
0,0,0,0,0,0,0,0,0,0,0,0,0,0,0,0,0,0,0,34,15,http://rosettacode.org//wiki/Return_multiple_values
0,0,0,0,0,0,0,0,0,0,0,0,0,0,0,0,0,0,0,1,0,http://rosettacode.org//wiki/Reverse_a_string
1,0,1,0,0,0,0,1,1,0,8,0,0,0,1,0,0,0,0,16,3,http://rosettacode.org//wiki/Reverse_a_string
1,0,0,0,0,0,0,0,1,0,0,0,0,0,0,0,0,0,0,3,0,http://rosettacode.org//wiki/User:Frap/Reverse_domain_name_notation
1,0,0,0,0,0,1,0,0,0,1,0,0,0,0,0,0,0,0,22,0,http://rosettacode.org//wiki/Reverse_words_in_a_string
1,0,0,0,0,0,0,0,0,0,2,0,1,0,1,0,0,0,0,7,1,http://rosettacode.org//wiki/Averages/Root_mean_square
0,0,0,0,0,0,0,0,0,0,0,0,0,0,0,0,0,0,0,32,3,http://rosettacode.org//wiki/Roots_of_a_function
1,0,2,0,0,0,0,4,0,0,8,0,9,0,3,0,0,0,0,22,0,http://rosettacode.org//wiki/Roots_of_unity
1,0,0,0,0,0,0,0,0,0,1,0,1,0,1,0,0,0,0,6,1,http://rosettacode.org//wiki/Rot-13
1,0,3,0,0,0,0,0,0,0,1,0,0,0,0,0,0,0,0,45,0,http://rosettacode.org//wiki/Rot-13
1,0,1,0,1,0,0,0,1,0,1,0,0,0,0,0,0,0,0,14,0,http://rosettacode.org//wiki/Run-length_encoding
1,0,0,0,0,0,0,0,1,0,0,0,1,0,0,0,0,0,0,7,0,http://rosettacode.org//wiki/Run-length_encoding
1,0,0,0,0,0,0,0,1,0,0,0,2,0,0,0,0,0,0,7,0,http://rosettacode.org//wiki/Run-length_encoding
1,0,0,0,0,0,0,1,0,0,9,0,0,0,1,1,0,0,0,31,2,http://rosettacode.org//wiki/Runge-Kutta_method
1,0,0,0,0,0,0,0,0,0,0,0,0,0,0,0,0,0,0,4,2,http://rosettacode.org//wiki/Runtime_evaluation
1,0,11,0,8,0,0,9,0,0,13,0,26,0,2,0,0,0,0,38,0,http://rosettacode.org//wiki/S-Expressions
1,0,4,0,2,0,0,8,0,1,3,0,0,0,0,0,0,0,0,37,0,http://rosettacode.org//wiki/SEDOLs
1,0,1,0,0,0,0,1,0,0,1,0,0,0,0,0,0,0,0,17,1,http://rosettacode.org//wiki/Sailors_coconuts_and_a_monkey_problem
1,0,0,0,0,0,0,0,0,0,0,0,1,0,0,0,0,0,0,1,0,http://rosettacode.org//wiki/Sailors_coconuts_and_a_monkey_problem
1,0,2,0,1,0,0,3,0,0,2,0,3,0,1,0,0,0,0,15,0,http://rosettacode.org//wiki/Search_a_list
0,0,0,0,0,0,0,0,0,0,0,0,0,0,0,0,0,0,0,16,1,http://rosettacode.org//wiki/Search_a_list
1,1,0,0,0,0,0,2,0,0,7,0,1,0,0,0,0,0,0,40,1,http://rosettacode.org//wiki/Search_a_list
0,0,0,0,0,0,0,0,0,0,0,0,0,0,0,0,0,0,0,22,0,http://rosettacode.org//wiki/Search_a_list
1,0,1,0,1,0,0,4,1,0,2,0,0,0,0,0,0,0,0,16,0,http://rosettacode.org//wiki/Sorting_algorithms/Selection_sort
1,0,7,0,1,0,0,1,3,0,3,0,4,0,0,0,0,0,0,28,1,http://rosettacode.org//wiki/Self-describing_numbers
1,1,0,3,0,0,0,7,0,0,2,0,4,0,0,0,0,0,0,38,0,http://rosettacode.org//wiki/Semordnilap
1,1,0,0,0,0,0,11,0,0,2,0,5,0,0,0,0,0,0,36,0,http://rosettacode.org//wiki/Semordnilap
0,0,0,0,0,0,0,0,0,0,0,0,0,0,0,0,0,0,0,6,0,http://rosettacode.org//wiki/Send_an_unknown_method_call
1,0,2,0,0,0,0,1,0,0,2,0,0,0,0,0,0,0,0,7,0,http://rosettacode.org//wiki/Sequence_of_non-squares
0,0,0,0,0,0,0,0,0,0,0,0,0,0,0,0,0,0,0,19,10,http://rosettacode.org//wiki/Set
1,0,1,0,0,0,0,1,0,0,0,0,0,0,0,0,0,0,0,14,0,http://rosettacode.org//wiki/Seven-sided_dice_from_five-sided_dice
1,0,2,0,0,0,0,7,0,0,8,0,0,0,0,0,0,0,0,17,0,http://rosettacode.org//wiki/Sorting_algorithms/Shell_sort
1,0,0,0,0,0,0,1,0,0,5,0,0,0,0,0,0,0,0,17,0,http://rosettacode.org//wiki/Short-circuit_evaluation
1,0,0,0,0,0,0,0,0,0,0,0,0,0,0,0,0,0,0,1,0,http://rosettacode.org//wiki/Show_the_epoch
1,0,0,0,7,0,0,9,0,4,2,0,0,0,7,0,0,0,0,77,1,http://rosettacode.org//wiki/Parsing/Shunting-yard_algorithm
1,0,0,0,0,0,0,0,0,2,10,0,0,0,0,0,0,0,2,48,16,http://rosettacode.org//wiki/Sierpinski_carpet
1,0,0,0,0,0,0,0,0,4,14,0,2,0,0,1,0,0,0,70,16,http://rosettacode.org//wiki/Sierpinski_triangle
1,0,1,0,1,0,0,0,0,0,6,0,0,0,0,0,1,0,1,21,0,http://rosettacode.org//wiki/Sierpinski_triangle
1,0,5,0,2,0,0,9,0,0,6,0,1,0,0,0,1,0,0,25,3,http://rosettacode.org//wiki/Sieve_of_Eratosthenes
1,0,6,0,2,0,0,9,1,0,5,0,1,0,0,0,1,0,16,22,0,http://rosettacode.org//wiki/Sieve_of_Eratosthenes
1,0,3,0,0,0,0,3,1,0,17,0,0,0,4,0,1,0,1,42,23,http://rosettacode.org//wiki/Sieve_of_Eratosthenes
1,0,2,0,2,0,0,2,0,0,1,0,0,0,0,0,0,0,0,6,0,http://rosettacode.org//wiki/Sieve_of_Eratosthenes
1,0,9,0,1,0,0,10,1,0,10,0,0,4,9,0,1,0,20,56,16,http://rosettacode.org//wiki/Sieve_of_Eratosthenes
1,0,3,0,0,0,0,8,0,0,4,1,1,0,1,0,0,0,0,23,2,http://rosettacode.org//wiki/Averages/Simple_moving_average
1,0,0,1,0,0,0,0,1,0,1,0,0,0,0,1,0,0,0,18,1,http://rosettacode.org//wiki/Averages/Simple_moving_average
1,0,0,0,0,0,0,0,1,0,0,0,0,0,0,0,0,0,0,3,1,http://rosettacode.org//wiki/Inheritance/Single
1,0,0,0,0,0,0,0,0,0,0,0,0,0,0,0,0,0,0,4,1,http://rosettacode.org//wiki/Inheritance/Single
1,0,0,0,0,0,0,0,0,0,0,0,0,0,0,0,0,0,0,4,1,http://rosettacode.org//wiki/Inheritance/Single
1,0,0,0,0,0,0,0,0,0,0,0,0,0,0,0,0,0,0,4,1,http://rosettacode.org//wiki/Inheritance/Single
1,0,0,0,0,0,0,0,0,0,0,0,0,0,0,0,0,0,0,4,1,http://rosettacode.org//wiki/Inheritance/Single
1,0,0,0,0,0,0,1,0,0,0,0,1,0,0,0,0,0,0,5,1,http://rosettacode.org//wiki/Inheritance/Single
1,0,1,0,0,0,0,3,0,0,3,0,3,0,0,0,0,0,0,21,0,http://rosettacode.org//wiki/Singleton
1,0,0,0,0,0,0,0,0,0,2,0,3,0,0,0,0,0,0,7,0,http://rosettacode.org//wiki/Sorting_algorithms/Sleep_sort
1,0,0,0,0,0,0,0,0,0,1,0,1,0,0,0,0,0,0,3,0,http://rosettacode.org//wiki/Sorting_algorithms/Sleep_sort
1,0,10,0,3,0,0,1,0,0,24,1,3,0,0,0,2,0,5,127,0,http://rosettacode.org//wiki/24_game/Solve
1,0,0,0,0,0,0,0,1,0,3,0,1,0,0,0,0,0,0,20,2,http://rosettacode.org//wiki/Sort_an_array_of_composite_structures
1,0,0,0,0,0,0,1,0,0,2,0,0,0,0,0,0,0,0,6,0,http://rosettacode.org//wiki/Sort_an_integer_array
1,0,0,0,0,0,0,2,1,0,6,0,0,0,0,0,0,0,0,16,0,http://rosettacode.org//wiki/Sort_disjoint_sublist
1,0,0,3,0,0,0,0,0,0,3,0,1,0,0,0,0,0,0,21,2,http://rosettacode.org//wiki/Sort_disjoint_sublist
1,0,0,0,0,0,0,0,0,0,2,0,2,0,0,0,0,0,0,12,1,http://rosettacode.org//wiki/Sort_stability
1,0,1,0,1,0,0,1,0,0,3,0,0,0,0,0,0,0,0,9,1,http://rosettacode.org//wiki/Sort_using_a_custom_comparator
1,0,1,3,0,0,0,1,1,0,32,0,2,0,0,0,0,0,0,96,21,http://rosettacode.org//wiki/Soundex
1,0,0,37,0,0,0,0,0,0,5,0,0,0,2,0,0,0,0,123,1,http://rosettacode.org//wiki/Soundex
1,0,0,0,0,0,0,0,0,0,0,0,0,0,0,0,0,0,0,7,1,http://rosettacode.org//wiki/Special_variables
1,0,0,0,0,0,0,1,0,0,2,0,0,0,0,0,0,0,0,8,1,http://rosettacode.org//wiki/Special_variables
1,0,0,0,0,0,0,0,0,0,0,0,0,0,0,0,0,0,0,2,0,http://rosettacode.org//wiki/Speech_synthesis
1,0,2,0,1,0,0,0,0,0,4,0,2,0,0,0,1,0,0,31,1,http://rosettacode.org//wiki/Spiral_matrix
1,0,0,0,0,0,0,1,0,3,8,0,0,0,0,0,0,0,0,53,6,http://rosettacode.org//wiki/Spiral_matrix
1,0,0,0,0,0,0,0,0,0,0,0,1,0,0,0,0,0,0,7,0,http://rosettacode.org//wiki/Spiral_matrix
1,0,9,0,0,0,0,10,0,0,9,0,5,0,0,0,1,0,0,108,0,http://rosettacode.org//wiki/Stable_marriage_problem
1,0,0,0,0,0,0,0,0,0,0,0,1,0,0,0,0,0,0,5,2,http://rosettacode.org//wiki/Stack
1,0,0,0,1,0,0,0,1,0,0,0,8,0,0,0,0,0,0,15,0,http://rosettacode.org//wiki/Stack
1,0,0,0,0,0,0,0,1,0,0,0,0,0,0,0,0,0,0,22,0,http://rosettacode.org//wiki/Stack
1,0,0,0,0,0,0,0,0,0,1,0,0,0,0,0,0,0,0,5,0,http://rosettacode.org//wiki/Stack_traces
1,0,0,0,0,0,0,1,0,0,1,0,0,0,0,0,0,0,0,9,1,http://rosettacode.org//wiki/Stack_traces
0,0,0,0,0,0,0,0,0,0,0,0,0,0,0,0,0,0,0,18,1,http://rosettacode.org//wiki/Standard_deviation
1,0,0,0,0,0,0,0,0,0,6,0,1,0,0,0,0,0,0,18,0,http://rosettacode.org//wiki/Standard_deviation
1,0,0,0,0,0,0,0,0,0,0,0,1,0,0,0,0,0,0,3,0,http://rosettacode.org//wiki/Standard_deviation
1,0,0,0,0,0,0,0,0,0,0,1,0,0,0,0,0,0,0,1,0,http://rosettacode.org//wiki/Hello_world/Standard_error
1,0,0,0,0,0,0,0,0,0,0,0,1,0,0,0,0,0,0,1,0,http://rosettacode.org//wiki/Hello_world/Standard_error
1,0,0,0,0,0,0,0,0,0,0,0,1,0,0,0,0,0,0,1,1,http://rosettacode.org//wiki/Hello_world/Standard_error
1,0,0,0,0,0,0,0,0,0,0,0,1,0,0,0,0,0,0,1,1,http://rosettacode.org//wiki/Hello_world/Standard_error
1,1,0,0,0,0,0,2,1,0,3,0,0,0,0,0,1,0,0,19,0,http://rosettacode.org//wiki/Sorting_algorithms/Stooge_sort
1,0,0,0,0,0,0,0,0,0,0,0,0,0,0,0,0,0,0,3,0,http://rosettacode.org//wiki/Sorting_algorithms/Stooge_sort
0,0,0,0,0,0,0,0,0,0,0,0,0,0,0,0,0,0,0,45,2,http://rosettacode.org//wiki/Straddling_checkerboard
1,0,0,0,0,0,0,0,0,0,0,0,1,0,1,0,0,0,0,6,0,http://rosettacode.org//wiki/Literals/String
1,0,0,0,0,0,0,1,0,0,0,0,0,0,0,0,0,0,0,7,2,http://rosettacode.org//wiki/String_append
1,0,0,0,0,0,0,0,0,0,0,0,0,0,0,0,0,0,0,2,0,http://rosettacode.org//wiki/String_case
1,0,0,0,0,0,0,0,2,0,0,0,0,0,0,0,0,0,0,3,0,http://rosettacode.org//wiki/String_case
1,0,0,0,0,0,0,0,0,0,1,0,2,0,0,0,0,0,0,2,0,http://rosettacode.org//wiki/String_concatenation
1,0,0,0,0,0,0,0,1,0,0,0,0,0,1,0,0,0,0,3,1,http://rosettacode.org//wiki/String_interpolation_(included)
0,0,0,0,0,0,0,0,0,0,0,0,0,0,0,0,0,0,0,3,1,http://rosettacode.org//wiki/String_interpolation_(included)
1,0,0,0,0,0,0,0,1,0,2,0,0,0,0,0,0,0,0,2,1,http://rosettacode.org//wiki/String_length
1,0,0,0,0,0,0,0,2,0,0,0,0,0,0,0,0,0,0,4,3,http://rosettacode.org//wiki/String_length
1,0,0,0,2,0,0,0,0,0,1,0,10,0,4,0,0,0,2,20,4,http://rosettacode.org//wiki/String_matching
1,0,0,0,0,0,0,0,0,0,1,0,2,0,0,0,0,0,0,4,1,http://rosettacode.org//wiki/String_prepend
1,0,0,0,0,0,0,0,1,0,0,0,0,0,0,0,0,0,0,3,0,http://rosettacode.org//wiki/Strip_a_set_of_characters_from_a_string
1,0,0,0,0,0,0,2,0,0,1,0,0,0,1,0,0,0,0,8,2,http://rosettacode.org//wiki/Strip_comments_from_a_string
1,0,0,0,0,0,0,0,1,0,1,0,0,0,0,0,0,0,0,7,0,http://rosettacode.org//wiki/Strip_comments_from_a_string
1,0,0,0,0,0,0,0,0,0,3,0,0,0,0,0,0,0,0,10,1,http://rosettacode.org//wiki/Strip_control_codes_and_extended_characters_from_a_string
1,0,0,0,0,0,0,0,0,0,0,0,1,0,0,0,0,0,0,1,0,http://rosettacode.org//wiki/Strip_control_codes_and_extended_characters_from_a_string
1,0,0,0,0,0,0,0,0,0,2,0,0,0,0,0,0,0,0,14,11,http://rosettacode.org//wiki/Substring
0,0,0,0,0,0,0,0,0,0,0,0,0,0,0,0,0,0,0,7,0,http://rosettacode.org//wiki/Substring
1,0,0,0,0,0,0,0,0,0,1,0,0,0,0,0,0,0,0,9,0,http://rosettacode.org//wiki/Sum_and_product_of_an_array
1,0,0,0,0,0,0,0,0,0,4,0,0,0,0,0,0,0,0,8,0,http://rosettacode.org//wiki/Sum_and_product_of_an_array
0,0,0,0,0,0,0,0,0,0,0,0,0,0,0,0,0,0,0,6,0,http://rosettacode.org//wiki/Sum_digits_of_an_integer
1,0,0,5,0,0,0,0,0,0,2,0,0,0,0,0,0,0,0,21,4,http://rosettacode.org//wiki/Sum_digits_of_an_integer
1,0,0,0,0,0,0,0,0,0,0,0,1,0,0,0,0,0,0,1,0,http://rosettacode.org//wiki/Sum_multiples_of_3_and_5
1,0,3,0,0,0,0,2,0,3,11,0,1,0,0,0,0,0,0,49,5,http://rosettacode.org//wiki/Sum_multiples_of_3_and_5
1,0,0,0,0,0,0,0,0,0,0,0,1,0,0,0,0,0,0,11,0,http://rosettacode.org//wiki/Sum_multiples_of_3_and_5
1,0,1,0,1,0,0,1,1,0,4,0,3,0,0,0,0,0,0,6,0,http://rosettacode.org//wiki/Sum_multiples_of_3_and_5
1,0,0,0,0,0,0,0,1,3,3,0,3,0,0,0,0,0,0,8,0,http://rosettacode.org//wiki/Sum_multiples_of_3_and_5
1,0,0,0,0,0,0,1,0,0,2,0,1,0,0,0,0,0,0,3,0,http://rosettacode.org//wiki/Sum_multiples_of_3_and_5
1,0,1,0,0,0,0,0,0,0,4,0,2,0,0,0,0,0,0,8,1,http://rosettacode.org//wiki/Sum_of_a_series
1,0,0,0,0,0,0,0,0,0,6,0,0,0,0,0,0,0,0,21,0,http://rosettacode.org//wiki/Sum_of_a_series
1,0,0,0,0,0,0,0,0,0,0,0,1,0,0,0,0,0,0,1,0,http://rosettacode.org//wiki/Sum_of_a_series
1,0,0,0,0,0,0,0,0,0,1,0,0,0,0,0,0,0,0,9,1,http://rosettacode.org//wiki/Sum_of_squares
1,0,1,0,0,0,0,0,0,0,1,0,0,0,0,0,0,0,0,7,1,http://rosettacode.org//wiki/Sum_of_squares
1,0,0,0,0,0,0,0,0,0,0,0,1,0,0,0,0,0,0,1,0,http://rosettacode.org//wiki/Sum_of_squares
1,0,0,0,0,0,0,0,0,0,2,0,0,0,0,0,0,0,0,5,0,http://rosettacode.org//wiki/Sum_of_squares
1,0,1,0,0,0,0,4,0,0,5,0,2,0,1,1,1,0,0,73,3,http://rosettacode.org//wiki/Sutherland-Hodgman_polygon_clipping
1,0,0,0,1,0,0,2,0,0,6,0,1,0,0,0,0,0,0,15,2,http://rosettacode.org//wiki/Symmetric_difference
1,0,4,0,2,0,0,3,1,0,14,2,0,0,0,0,0,0,0,30,7,http://rosettacode.org//wiki/Symmetric_difference
1,0,0,0,0,0,0,0,0,0,0,0,2,0,0,0,0,0,0,2,2,http://rosettacode.org//wiki/System_time
1,0,0,0,1,0,0,4,1,0,4,11,0,0,0,0,0,0,0,25,2,http://rosettacode.org//wiki/Take_notes_on_the_command_line
0,0,0,0,0,0,0,0,0,0,0,0,0,0,0,0,0,0,0,24,0,http://rosettacode.org//wiki/Taxicab_numbers
0,0,0,0,0,0,0,0,0,0,0,0,0,0,0,0,0,0,0,12,0,http://rosettacode.org//wiki/Temperature_conversion
0,0,0,0,0,0,0,0,0,0,0,0,0,0,0,0,0,0,0,20,0,http://rosettacode.org//wiki/Test_a_function
1,0,0,0,1,0,0,2,1,0,0,4,0,0,0,0,0,0,0,7,0,http://rosettacode.org//wiki/User_input/Text
1,0,0,0,1,0,0,2,1,0,0,0,0,0,0,0,0,0,0,7,0,http://rosettacode.org//wiki/User_input/Text
1,0,2,0,1,0,0,3,0,0,3,0,0,0,2,0,0,0,0,33,0,http://rosettacode.org//wiki/The_Twelve_Days_of_Christmas
1,0,0,2,0,0,2,0,0,0,1,0,0,0,0,1,0,0,0,70,3,http://rosettacode.org//wiki/The_Twelve_Days_of_Christmas
1,0,0,2,0,0,0,0,0,0,17,0,0,0,3,1,0,0,0,25,0,http://rosettacode.org//wiki/The_Twelve_Days_of_Christmas
1,0,0,0,0,0,0,0,0,0,0,0,1,0,0,0,0,0,0,38,1,http://rosettacode.org//wiki/The_Twelve_Days_of_Christmas
1,0,0,0,0,0,0,0,0,0,0,0,0,0,0,0,0,0,0,1,0,http://rosettacode.org//wiki/Tokenize_a_string
1,0,4,0,2,0,0,4,0,0,9,0,9,0,1,0,0,0,0,13,0,http://rosettacode.org//wiki/Tokenize_a_string_with_escaping
1,0,0,0,0,0,0,0,0,0,0,0,0,0,0,0,0,0,0,3,3,http://rosettacode.org//wiki/Substring/Top_and_tail
1,0,0,0,1,0,0,6,0,5,5,1,1,0,0,0,0,0,0,109,4,http://rosettacode.org//wiki/Top_rank_per_group
1,0,0,0,0,0,0,0,1,0,5,0,0,0,0,0,0,0,0,33,0,http://rosettacode.org//wiki/Top_rank_per_group
1,0,0,0,0,0,0,0,0,0,4,0,0,0,0,1,0,0,0,8,0,http://rosettacode.org//wiki/Towers_of_Hanoi
1,0,0,1,0,0,0,0,0,0,5,0,0,0,0,1,0,0,0,14,1,http://rosettacode.org//wiki/Towers_of_Hanoi
1,0,0,0,0,0,0,0,0,0,0,0,1,0,0,0,0,0,0,5,0,http://rosettacode.org//wiki/Towers_of_Hanoi
1,0,0,0,0,0,0,3,0,3,6,0,0,0,0,0,0,0,0,35,0,http://rosettacode.org//wiki/Trabb_Pardo%E2%80%93Knuth_algorithm
1,0,1,0,1,0,0,1,0,0,0,0,3,0,0,0,0,0,0,12,0,http://rosettacode.org//wiki/Singly-linked_list/Traversal
1,0,0,0,0,0,0,0,0,0,8,0,3,0,0,0,0,0,0,37,7,http://rosettacode.org//wiki/Singly-linked_list/Traversal
1,0,7,0,1,0,0,3,0,0,4,0,8,0,0,0,0,0,0,60,1,http://rosettacode.org//wiki/Tree_traversal
1,0,0,2,0,0,0,1,0,18,10,0,0,0,0,0,0,0,0,76,1,http://rosettacode.org//wiki/Tree_traversal
1,0,0,0,0,0,0,0,0,0,0,0,1,0,0,0,0,0,0,7,0,http://rosettacode.org//wiki/Tree_traversal
1,0,0,4,0,0,0,4,0,2,4,0,0,0,0,0,0,0,0,98,12,http://rosettacode.org//wiki/Tree_traversal
0,0,0,0,0,0,0,0,0,0,0,0,0,0,0,0,0,0,0,6,0,http://rosettacode.org//wiki/Tree_traversal
1,0,0,0,0,0,0,0,0,0,0,0,0,0,1,0,0,0,0,21,7,http://rosettacode.org//wiki/Trigonometric_functions
1,0,10,0,10,0,0,1,1,3,4,0,0,0,4,0,2,0,3,76,0,http://rosettacode.org//wiki/Truth_table
1,0,0,0,0,0,0,0,0,0,0,0,1,0,0,0,0,0,0,1,0,http://rosettacode.org//wiki/URL_decoding
1,0,0,0,0,0,0,0,1,0,0,0,0,0,0,0,0,0,0,2,1,http://rosettacode.org//wiki/URL_encoding
1,0,0,0,0,0,0,0,0,0,3,0,0,0,4,0,0,0,0,41,10,http://rosettacode.org//wiki/URL_parser
0,0,0,0,0,0,0,0,0,0,0,0,0,0,0,0,0,0,0,61,0,http://rosettacode.org//wiki/Knapsack_problem/Unbounded
1,0,0,0,0,0,0,1,0,0,3,0,0,0,0,0,0,0,0,9,1,http://rosettacode.org//wiki/Undefined_values
1,0,0,0,0,0,0,0,0,0,1,0,0,0,0,0,0,0,0,3,2,http://rosettacode.org//wiki/Undefined_values
1,0,0,0,0,0,0,0,0,0,1,0,1,0,0,0,0,0,0,6,1,http://rosettacode.org//wiki/Unicode_variable_names
0,0,0,0,0,0,0,0,0,0,0,0,0,0,0,0,0,0,0,50,7,http://rosettacode.org//wiki/Universal_Turing_machine
1,0,0,0,1,0,0,0,0,0,2,0,1,0,0,0,0,0,0,10,1,http://rosettacode.org//wiki/Queue/Usage
1,0,8,0,0,0,0,6,0,0,1,0,10,0,4,0,1,0,0,118,32,http://rosettacode.org//wiki/Using_the_Meetup.com_API
1,0,0,0,0,0,0,1,0,0,2,0,1,0,0,0,0,0,0,9,1,http://rosettacode.org//wiki/Closures/Value_capture
0,0,0,0,0,0,0,0,0,0,0,0,0,0,0,0,0,0,0,12,1,http://rosettacode.org//wiki/Closures/Value_capture
0,0,0,0,0,0,0,0,0,0,0,0,0,0,0,0,0,0,0,6,0,http://rosettacode.org//wiki/Closures/Value_capture
1,0,0,2,0,0,0,1,0,0,5,0,1,0,0,0,0,0,0,17,1,http://rosettacode.org//wiki/Closures/Value_capture
0,0,0,0,0,0,0,0,0,0,0,0,0,0,0,0,0,0,0,1,0,http://rosettacode.org//wiki/Closures/Value_capture
1,0,0,0,0,0,0,2,0,0,8,0,2,0,2,0,0,0,0,51,15,http://rosettacode.org//wiki/Variables
1,0,1,0,0,0,0,1,0,0,1,0,1,0,0,0,0,0,0,7,0,http://rosettacode.org//wiki/Variadic_function
1,0,0,0,0,0,0,0,0,0,0,0,2,0,0,0,0,0,0,2,0,http://rosettacode.org//wiki/Variadic_function
0,0,0,0,0,0,0,0,0,0,0,0,0,0,0,0,0,0,0,28,16,http://rosettacode.org//wiki/Variadic_function
0,0,0,0,0,0,0,0,0,0,0,0,0,0,0,0,0,0,0,9,0,http://rosettacode.org//wiki/Variadic_function
1,0,0,0,3,0,0,0,0,0,15,0,0,0,0,0,1,0,0,61,6,http://rosettacode.org//wiki/Vector_products
1,0,0,0,0,0,0,4,0,0,4,0,0,0,3,0,0,0,0,22,4,http://rosettacode.org//wiki/Vigen%C3%A8re_cipher
1,0,0,0,0,0,0,0,0,0,0,0,0,0,0,0,0,0,0,7,2,http://rosettacode.org//wiki/Web_scraping
1,0,0,0,0,0,0,0,0,0,0,0,0,0,0,0,0,0,0,7,0,http://rosettacode.org//wiki/Hello_world/Web_server
1,0,0,0,0,0,0,0,0,0,1,0,0,0,0,0,0,0,0,5,0,http://rosettacode.org//wiki/Loops/While
1,0,0,0,0,0,0,0,0,0,3,0,0,0,0,0,0,0,0,18,0,http://rosettacode.org//wiki/Loops/While
1,0,0,0,0,0,0,0,0,0,0,0,10,0,0,0,0,0,0,10,0,http://rosettacode.org//wiki/Loops/While
1,0,0,0,0,0,0,0,0,0,0,0,0,0,0,0,0,0,0,19,0,http://rosettacode.org//wiki/Guess_the_number/With_feedback
1,0,1,0,1,0,0,1,0,2,3,0,0,0,1,0,0,0,0,40,0,http://rosettacode.org//wiki/Guess_the_number/With_feedback
1,0,1,0,0,0,0,3,0,3,2,0,0,0,1,0,0,0,0,53,0,http://rosettacode.org//wiki/Guess_the_number/With_feedback_(player)
1,0,0,0,0,0,0,3,1,0,0,0,0,0,0,0,0,0,0,12,1,http://rosettacode.org//wiki/Word_wrap
1,0,0,0,0,0,0,0,0,0,0,0,0,0,0,0,0,0,0,1,0,http://rosettacode.org//wiki/Word_wrap
1,0,0,0,0,0,0,0,0,0,0,0,0,0,0,0,0,0,0,1,0,http://rosettacode.org//wiki/Word_wrap
1,0,0,1,0,0,1,0,0,0,2,0,1,0,0,0,0,0,0,21,0,http://rosettacode.org//wiki/Word_wrap
1,0,0,0,0,0,0,2,0,0,11,0,1,0,1,0,1,0,0,67,18,http://rosettacode.org//wiki/Monads/Writer_monad
1,0,0,0,2,0,0,7,0,0,0,0,0,0,2,0,0,0,0,20,7,http://rosettacode.org//wiki/XML/XPath
0,0,0,0,0,0,0,0,0,0,0,0,0,0,0,0,0,0,0,18,4,http://rosettacode.org//wiki/XML/XPath
1,0,0,0,0,0,0,2,2,0,11,2,2,0,0,0,0,0,0,24,0,http://rosettacode.org//wiki/Y_combinator
1,0,0,0,0,0,0,0,1,0,4,0,0,0,0,0,0,0,0,9,0,http://rosettacode.org//wiki/Y_combinator
1,0,0,0,0,0,0,2,2,0,5,0,0,0,0,0,0,0,0,15,0,http://rosettacode.org//wiki/Y_combinator
1,0,0,0,0,0,0,0,1,0,2,1,0,0,0,0,0,0,0,5,0,http://rosettacode.org//wiki/Y_combinator
1,0,0,0,0,0,0,0,1,0,2,0,0,0,0,0,0,0,0,5,0,http://rosettacode.org//wiki/Y_combinator
0,0,0,0,0,0,0,0,0,0,0,0,0,0,0,0,0,0,0,20,9,http://rosettacode.org//wiki/Y_combinator
0,0,0,0,0,0,0,0,0,0,0,0,0,0,0,0,0,0,0,9,2,http://rosettacode.org//wiki/Y_combinator
1,0,4,0,0,2,0,7,1,0,4,0,4,0,5,1,0,0,0,57,15,http://rosettacode.org//wiki/Yin_and_yang
1,0,0,0,0,0,0,4,0,0,14,2,17,2,3,1,1,0,0,67,5,http://rosettacode.org//wiki/Yin_and_yang
1,0,0,0,1,0,0,1,0,0,16,0,1,1,2,0,1,0,0,83,8,http://rosettacode.org//wiki/Yin_and_yang
0,0,0,0,0,0,0,0,0,0,0,0,0,0,0,0,0,0,0,2,0,http://rosettacode.org//wiki/Zero_to_the_zero_power
1,0,7,0,1,0,0,4,0,0,6,0,0,0,0,0,1,0,0,29,2,http://rosettacode.org//wiki/Zig-zag_matrix
1,0,0,0,0,0,0,0,0,0,11,0,0,0,1,0,0,0,0,59,34,http://rosettacode.org//wiki/Zig-zag_matrix
1,0,0,0,0,0,0,0,0,0,0,0,1,0,0,0,0,0,0,7,0,http://rosettacode.org//wiki/Zig-zag_matrix
1,3,0,0,2,0,0,1,2,1,8,0,5,0,0,1,2,0,0,57,8,http://rosettacode.org//wiki/Fibonacci_word/fractal
1,0,1,0,0,0,0,3,0,0,2,0,0,0,0,0,0,0,0,7,0,http://rosettacode.org//wiki/Non-decimal_radices/Output